,product,links,price,weight,kcal,fat,sat_fat,carbs,sugar,fibre,protein,salt,ingredients,photo_link
0,Soja Protein Crispies 58 % mit Kakao 1 kg,https://www.korodrogerie.de/soja-protein-crispies-58-mit-kakao-1-kg,"

14,00 €
",1 kg,1535                                   / 362,"1,9 g","0,4 g","28,2 g","9,1 g","1,8 g",58 g,"2,7 g","74 % SOJAPROTEIN, Reisgrieß, Zucker, 4 % Kakaopulver (fettarm), SOJAMEHL, Salz, natürliches Aroma",https://koro2.imgix.net/media/image/f1/50/81/CRIS_005_01E3j9hQ8K66BPv.jpg?auto=compress%2Cformat&w=900&h=900
1,Schokodrops mit Xylit 1 kg,https://www.korodrogerie.de/schokodrops-mit-xylit-1-kg,"

21,00 €
",1 kg,2290                                   / 555,46 g,28 g,31 g,"1,0 g",10 g,"9,2 g","0,07 g","Kakaomasse, 25 % Süßungsmittel: Xylit; Kakaobutter, Emulgator: Sonnenblumenlecithin. Kakao: 72 % min.",https://koro2.imgix.net/media/image/2c/01/f8/SCHOKO_001_01c6BzVK50WZCzf.jpg?auto=compress%2Cformat&w=900&h=900
2,Schoko Protein Crunchies ohne Zuckerzusatz 1 kg,https://www.korodrogerie.de/schoko-protein-crunchies-ohne-zuckerzusatz-1-kg,"

20,00 €
",1 kg,1875                                   / 448,28 g,12 g,37 g,"1,4 g","8,3 g",21 g,"0,36 g","Süßungsmittel: Maltit, ERDNUSSKERNE, 20 % Proteinflakes (Erbsenprotein, Erbsenmehl, Süßungsmittel: Xylit, Kakaopulver), Kakaobutter, Kakaomasse, Emulgator: SOJAlLECITHINE, Aroma, natürliches Vanille-Aroma. Kann bei übermäßigem Verzehr abführend wirken.",https://koro2.imgix.net/media/image/30/78/62/PROTEIN_01001xL74SLYEqMZly.jpg?auto=compress%2Cformat&w=900&h=900
3,Soja Protein Crispies 60 % 1 kg,https://www.korodrogerie.de/soja-protein-crispies-60-1-kg,"

13,00 €
",1 kg,1541                                   / 363,"1,8 g","0,2 g",26 g,"0,8 g","0,8 g",60 g,"3,2 g","68 % SOJAPROTEIN, Reisgriess, SOJAMEHL, Salz			",https://koro2.imgix.net/media/image/84/55/ca/CRIS_004_RE_02.jpg?auto=compress%2Cformat&w=900&h=900
4,Bohnen-Erbsen-Mix geröstet & gesalzen 1 kg,https://www.korodrogerie.de/bohnen-erbsen-mix-geroestet-gesalzen-1-kg,"

11,50 €
",1 kg,1766                                   / 421,14 g,"2,3 g",35 g,"6,7 g",10 g,33 g,"1,0 g","19 % SCHWARZE SOJABOHNEN, 19 % EDAMAME-BOHNEN, 19 % SOJABOHNEN, 14% gebratene Saubohnen (Saubohnen, SOJAÖL, Backtriebmittel: Natriumcarbonat), 13 % Erbsen, WEIZENMEHL, SOJAÖL, modifizierte Maisstärke, Zucker, SOJASAUCE (Wasser, SOJABOHNEN, WEIZEN, Salz), Salz ",https://koro2.imgix.net/media/image/a9/37/79/Bohnenerbsenmix.jpg?auto=compress%2Cformat&w=200&h=200
5,Reisgebäck Superior Mix 750 g,https://www.korodrogerie.de/reisgebaeck-superior-mix-750-g,"

11,50 €
",0.75 kg,1710                                   / 405,"6,3 g","1,2 g",78 g,13 g,"2,7 g","7,6 g","1,2 g","43 % Reis, modifizierte Stärke (Mais, Tapioka), 12 % ERDNÜSSE, WEIZENMEHL, Zucker, Glukosesirup, SOJA SAUCE (Wasser, SOJABOHNEN, WEIZEN, Salz), Maltodextrin, SESAMSAMEN, Salz, Algen, Kartoffelstärke, SOJA SAUCEN PULVER (FERMENTIERTE SOJA SAUCE, Wasser, SOJABOHNE, WEIZEN, Maltodextrin, Salz), Chilipulver, Hefeextrakt, Farbstoff: Einfaches Zuckerkulör Paprikaextrakt, E141",https://koro2.imgix.net/media/image/68/7c/90/Reisgeback.jpg?auto=compress%2Cformat&w=200&h=200
6,Amarena Kirschen mit Zartbitterschokolade 250 g,https://www.korodrogerie.de/amarena-kirschen-mit-zartbitterschokolade-250-g,"

8,50 €
",0.25 kg,1715                                   / 409,17 g,11 g,58 g,45 g,"5,4 g","3,5 g","0,08 g","55 % kandierte Kirschen (Kirschen, Zucker, Glukosesirup, Säuerungsmittel: Zitronensäure; Antioxidationsmittel: Schwefeldioxid; Farbstoff: Antocyane), 45 % Zartbitterschokolade (Kakaomasse, Zucker, Kakaobutter, Emulgator: SOJALECITHINE; Vanillearoma)
Kakaogehalt: min. 60 % ",https://koro2.imgix.net/media/image/31/8f/d6/AMARE_001_01A0Y4sgAPlPMF7.jpg?auto=compress%2Cformat&w=900&h=900
7,Sonnengetrocknete Tomaten 1 kg,https://www.korodrogerie.de/sonnengetrocknete-tomaten-1-kg,"

12,00 €
",1 kg,1078                                   / 258,"3,0 g",0 g,44 g,38 g,12 g,14 g,"5,3 g","88 % Tomaten, 12 % Salz",https://koro2.imgix.net/media/image/5b/aa/28/Tomatengetrock.jpg?auto=compress%2Cformat&w=200&h=200
8,Apfelchips Deutscher Elstar 250 g,https://www.korodrogerie.de/apfelchips-deutscher-elstar-250-g,"

7,00 €
",0.25 kg,1507                                   / 356,0 g,0 g,77 g,72 g,14 g,"2,2 g","0,03 g",100% Apfelchips,https://koro2.imgix.net/media/image/95/50/b3/ApfelchipsuoY5o38jWh7wA.jpg?auto=compress%2Cformat&w=200&h=200
9,Bio Rote Bete Chips 200 g,https://www.korodrogerie.de/bio-rote-bete-chips-200-g,"

11,00 €
",200 g,1415                                   / 335,0 g,0 g,63 g,54 g,17 g,11 g,"0,5 g",Kühl und trocken lagern. Unter Schutzatmosphäre verpackt,https://koro2.imgix.net/media/image/13/f2/e2/Rotebeetechips.jpg?auto=compress%2Cformat&w=200&h=200
10,Apfelstücke mit Zimt & Zucker 1 kg,https://www.korodrogerie.de/apfelstuecke-mit-zimt-zucker-1-kg,"

14,50 €
",1 kg,1505                                   / 360,0 g,0 g,89 g,75 g,"2,0 g",0 g,"0,58 g","50 % Apfel, 48 % Zucker, Säuerungsmittel: Citronensäure; Zimt, Antioxidationsmittel: SCHWEFELDIOXID",https://koro2.imgix.net/media/image/c5/c3/14/Apfelstucke.jpg?auto=compress%2Cformat&w=200&h=200
11,Reiscracker Chili 1 kg,https://www.korodrogerie.de/reiscracker-chili-1-kg,"

12,50 €
",1 kg,1968                                   / 469,19 g,"1,8 g",70 g,15 g,0 g,"5,8 g","2,75 g","63 % Reis, Zucker, Sonnenblumenöl, modifizierte Tapiokastärke, SOJASAUCE (Wasser, SOJA, WEIZEN, Salz), Salz, Knoblauchpulver, 0,2 % Chilipulver, Süßholzpulver, Maltodextrin, Geschmacksverstärker: E627, E631, Farbstoff: E160c",https://koro2.imgix.net/media/image/b2/c6/b2/ReiscrackerChilliVgazzaACJbvfx.jpg?auto=compress%2Cformat&w=200&h=200
12,Edamame Bohnen geröstet und gesalzen 750 g,https://www.korodrogerie.de/edamame-bohnen-geroestet-und-gesalzen-750-g,"

11,50 €
",0.75 kg,1726                                   / 412,14 g,2 g,23 g,1 g,13 g,43 g,"1,3 g","97,7 % Edamame (SOJAbohnen), 1,3 % Salz, Backtriebmittel: E500",https://koro2.imgix.net/media/image/7c/2f/dd/EdamameEhPrVPETvdLN1.jpg?auto=compress%2Cformat&w=200&h=200
13,Schwarze Sojabohnen geröstet und gesalzen 750 g,https://www.korodrogerie.de/schwarze-sojabohnen-geroestet-und-gesalzen-750-g,"

10,50 €
",0.75 kg,1923                                   / 459,14 g,2 g,32 g,1 g,10 g,47 g,"1,3 g","97,7 % Schwarze SOJAbohnen, 1,3 % Salz, Backtriebmittel: E500",https://koro2.imgix.net/media/image/97/f7/01/BOHNE_006_01QLErKQCoyHow3.jpg?auto=compress%2Cformat&w=900&h=900
14,Saubohnen geröstet und gesalzen 750 g,https://www.korodrogerie.de/saubohnen-geroestet-und-gesalzen-750-g,"

8,50 €
",0.75 kg,1802                                   / 430,16 g,"1,6 g",40 g,"3,2 g",11 g,26 g,"2,5 g","82 % Saubohnen, Sonnenblumenöl, 2 % Salz",https://koro2.imgix.net/media/image/f7/cf/80/BOHNE_007_0195wYSbXP0jWAL.jpg?auto=compress%2Cformat&w=900&h=900
15,Bio Vollkornreiswaffeln mit Amaranth und Hirse 12 x 120 g,https://www.korodrogerie.de/bio-vollkornreiswaffeln-mit-amaranth-und-hirse-12-x-120-g,"

9,50 €
",1440 g,1664                                   / 393,"2,8 g","0,5 g",81 g,1 g,"6,1 g","7,9 g","0,98 g",Bitte kühl und trocken lagern und vor Wärme schützen,https://koro2.imgix.net/media/image/7b/9b/40/REISW_001_01Fed0gHnvH1DVd.jpg?auto=compress%2Cformat&w=900&h=900
16,Bio Vollkornreiswaffeln mit 7 Saaten 12 x 120 g,https://www.korodrogerie.de/bio-vollkornreiswaffeln-mit-7-saaten-12-x-120-g,"

9,50 €
",1440 g,1589                                   / 375,"2,9 g","0,6 g",76 g,1 g,"5,6 g","8,5 g","0,96 g",Bitte kühl und trocken lagern und vor Wärme schützen,https://koro2.imgix.net/media/image/30/a3/d8/REISW_002_01ZWkKKzlvvjdbB.jpg?auto=compress%2Cformat&w=900&h=900
17,Vollkornreiswaffeln mit dunkler Schokolade 12 x 90 g,https://www.korodrogerie.de/vollkornreiswaffeln-mit-dunkler-schokolade-12-x-90-g,"

14,00 €
",1080 g,1981                                   / 473,21 g,12 g,59 g,26 g,"7,7 g","7,3 g","0,6 g","Zartbitterschokolade 54% (Kakaomasse, Zucker, Kakaobutter, Emulgatoren: Lecithine, natuerlicher Vanillegeschmack), Vollkorn-Braunreis 46%.",https://koro2.imgix.net/media/image/6f/01/bb/REISW_003_01Ux18DYnRx94c9.jpg?auto=compress%2Cformat&w=900&h=900
18,Bio Vollkornreiswaffeln mit Amaranth und Hirse 120 g,https://www.korodrogerie.de/bio-vollkornreiswaffeln-mit-amaranth-und-hirse-120-g,"

1,50 €
",120 g,1664                                   / 393,"2,8 g","0,5 g",81 g,1 g,"6,1 g","7,9 g","0,98 g",Bitte kühl und trocken lagern und vor Wärme schützen,https://koro2.imgix.net/media/image/7e/24/73/REISW_001_01POM9JffEhxinE.jpg?auto=compress%2Cformat&w=900&h=900
19,Bio Vollkornreiswaffeln mit 7 Saaten 120 g,https://www.korodrogerie.de/bio-vollkornreiswaffeln-mit-7-saaten-120-g,"

1,50 €
",120 g,1589                                   / 375,"2,9 g","0,6 g",76 g,1 g,"5,6 g","8,5 g","0,96 g",Bitte kühl und trocken lagern und vor Wärme schützen,https://koro2.imgix.net/media/image/69/fa/6a/REISW_005_011teMTcmUuhxa4.jpg?auto=compress%2Cformat&w=900&h=900
20,Vollkornreiswaffeln mit dunkler Schokolade 90 g,https://www.korodrogerie.de/vollkornreiswaffeln-mit-dunkler-schokolade-90-g,"

2,00 €
",90 g,1981                                   / 473,21 g,12 g,59 g,26 g,"7,7 g","7,3 g","0,6 g","Zartbitterschokolade 54 % (Kakaomasse, Zucker, Kakaobutter, Emulgatoren: Lecithine, natuerlicher Vanillegeschmack), Vollkorn-Braunreis 46 %.",https://koro2.imgix.net/media/image/d5/e6/75/Schokireiswaffeln.jpg?auto=compress%2Cformat&w=200&h=200
21,Bio Süßkartoffel Chips  200 g,https://www.korodrogerie.de/bio-suesskartoffel-chips-200-g,"

11,50 €
",Polen,1467                                   / 347,"0,7 g","0,3 g",70 g,32 g,15 g,"7,8 g","0,8 g","KoRo Handels GmbHKoppenplatz 9, 10115 Berlin ",https://koro2.imgix.net/media/image/40/3e/dc/Chips_002_01ON2LwzBIMv5Qb.jpg?auto=compress%2Cformat&w=900&h=900
22,Bio Bruchschokolade Bitter Blaubeere Quinoa 1 kg,https://www.korodrogerie.de/bio-bruchschokolade-bitter-blaubeere-quinoa-1-kg,"

10,50 €
",1 kg,2310                                   / 558,42 g,26 g,30 g,20 g,13 g,"8,1 g","0,13 g",Kühl und trocken lagern ,https://koro2.imgix.net/media/image/6b/0b/b5/SCHOKO_006_01.jpg?auto=compress%2Cformat&w=900&h=900
23,Geröstete Maiskörner mit Salz 1 kg,https://www.korodrogerie.de/geroestete-maiskoerner-mit-salz-1-kg,"

8,50 €
",Spanien,1818                                   / 433,15 g,"1,7 g",64 g,1 g,"9,8 g","6,7 g",2 g,"Kühl, trocken und vor Licht geschützt lagern.",https://koro2.imgix.net/media/image/6a/39/39/MAIS_005_01sbuobOKVfyGfY.jpg?auto=compress%2Cformat&w=900&h=900
24,Aprikosen in Zartbitterschokolade 500 g,https://www.korodrogerie.de/aprikosen-in-zartbitterschokolade-500-g,"

12,50 €
",0.5 kg,1407                                   / 338,12 g,7 g,57 g,49 g,"5,1 g","4,2 g","0,03 g","70 % Aprikosen, 30 % Zartbitterschokolade (Kakaomasse, Zucker, Kakaobutter, Emulgator: SOJALECITHIN; Vanillearoma)
Kakao: 60 % mindestens",https://koro2.imgix.net/media/image/0a/5e/a4/APRIK_005_010EpE4P5pWIGk7.jpg?auto=compress%2Cformat&w=900&h=900
25,Sanddornbeeren mit Traubensaft 500 g,https://www.korodrogerie.de/sanddornbeeren-mit-traubensaft-500-g,"

22,00 €
",0.5 kg,1641                                   / 390,"8,3 g","2,4 g",69 g,58 g,"8,4 g","5,1 g","0,02 g","78% Sanddornbeeren, 21% Traubensaftkonzentrat, Sonnenblumenoel",https://koro2.imgix.net/media/image/d8/b2/1f/SAND_002_01U57sFQ1F8bSdg.jpg?auto=compress%2Cformat&w=900&h=900
26,"Bio Saure Würmer ohne Gelatine 1,5 kg",https://www.korodrogerie.de/bio-saure-wuermer-ohne-gelatine-1-5-kg,"

24,50 €
",1.5 kg,1460                                   / 343,0 g,0 g,84 g,56 g,0 g,0 g,"0,2 g","Rohrzucker*, Mais-Sirup*, Maisstaerke*, Saeuerungsmittel (Citronensaeure, Milchsaeure, Apfelsaeure), 1,62% Fruchstsaftkonzentrate* (0,54% Sauerkirsche*, 0,54% Ananas*, 0,27% Apfel*, 0,27% Orange*), Saeureregulatoren (Natriumcitrat, Calciumcitrat), faerbende Frucht- und Pflanzenauszuege (Kuerbis*, Apfel*, Holunder*, Alge, Saflor), Geliermittel Pektin, natuerliche Aromen * aus kontrolliert biologischem Anbau",https://koro2.imgix.net/media/image/61/72/57/WORMS_001_01.jpg?auto=compress%2Cformat&w=900&h=900
27,"Bio Fruchtgummibärchen ohne Gelatine 1,25 kg",https://www.korodrogerie.de/bio-fruchtgummibaerchen-ohne-gelatine-1-25-kg,"

18,00 €
",1.25 kg,1372                                   / 323,0 g,0 g,78 g,58 g,"2,8 g",0 g,"0,8 g",Bitte kühl und trocken lagern und vor Wärme schützen,https://koro2.imgix.net/media/image/d9/50/9e/FRUCHT_003_01XmGYRO2hKC3P8.jpg?auto=compress%2Cformat&w=900&h=900
28,Bohnenmix Chili Limette 1 kg,https://www.korodrogerie.de/bohnenmix-chili-limette-1-kg,"

17,00 €
",Niederlande,1796                                   / 428,16 g,"2,0 g",36 g,12 g,"9,7 g",31 g,"1,4 g","Kühl, trocken und vor Licht geschützt lagern",https://koro2.imgix.net/media/image/24/9c/3d/BOHNE_018_01EdHDNCYFnMRvt.jpg?auto=compress%2Cformat&w=900&h=900
29,Bio Energy Ball Erdnuss 30 g,https://www.korodrogerie.de/bio-energy-ball-erdnuss-30-g,"

1,50 €
",30 g,1481                                   / 354,16 g,"3,3 g",48 g,46 g,6 g,11 g,0 g,Kühl und trocken lagern,https://koro2.imgix.net/media/image/1f/57/97/EnergyballErdnuss.jpg?auto=compress%2Cformat&w=200&h=200
30,Bio Energy Ball Haselnuss 30 g,https://www.korodrogerie.de/bio-energy-ball-haselnuss-30-g,"

1,50 €
",30 g,1548                                   / 378,16 g,"2,8 g",50 g,46 g,6 g,"8,8 g",0 g,Kühl und trocken lagern,https://koro2.imgix.net/media/image/b7/5c/c2/BLISS_002_01.jpg?auto=compress%2Cformat&w=900&h=900
31,Bio Bruchschokolade Bitter Beeren Mix 1 kg,https://www.korodrogerie.de/bio-bruchschokolade-bitter-beeren-mix-1-kg,"

14,00 €
",1 kg,2370                                   / 570,43 g,27 g,33 g,27 g,12 g,"6,9 g","0,02 g",Kühl und trocken lagern,https://koro2.imgix.net/media/image/33/e2/d2/SCHOKO_012_02.jpg?auto=compress%2Cformat&w=900&h=900
32,Bio Energy Ball Salted Peanut 30 g,https://www.korodrogerie.de/bio-energy-ball-salted-peanut-30-g,"

1,50 €
",30 g,1679                                   / 401,20 g,"3,5 g",45 g,35 g,7 g,13 g,"0,87 g",Kühl und trocken lagern,https://koro2.imgix.net/media/image/83/44/b0/PeanutEnergy.jpg?auto=compress%2Cformat&w=200&h=200
33,Bio Cookie Chocolate Chip 12 x 50 g,https://www.korodrogerie.de/bio-cookie-chocolate-chip-12-x-50-g,"

15,00 €
",600 g,2079                                   / 500,32 g,18 g,39 g,19 g,"9,2 g","9,7 g","0,04 g","Kühl, trocken und vor Licht geschützt lagern",https://koro2.imgix.net/media/image/f8/4e/df/CookieChocolate.jpg?auto=compress%2Cformat&w=200&h=200
34,Bio Rohkostriegel Kakao 50 g,https://www.korodrogerie.de/bio-rohkostriegel-kakao-50-g,"

1,00 €
",50 g,1518                                   / 399,18 g,3 g,47 g,39 g,4 g,12 g,0 g,Kühl und trocken lagern.,https://koro2.imgix.net/media/image/c8/90/04/RAW_Bar_Kakao_02.jpg?auto=compress%2Cformat&w=900&h=900
35,Bio Nut Butter Bar Tahin 30 g,https://www.korodrogerie.de/bio-nut-butter-bar-tahin-30-g,"

1,50 €
",30 g,1508                                   / 360,13 g,"2,2 g",46 g,44 g,13 g,"8,9 g","0,02 g",Bitte kühl und trocken lagern.,https://koro2.imgix.net/media/image/92/41/ba/BIO_Sesam_Tahin_Riegel_01.jpg?auto=compress%2Cformat&w=900&h=900
36,Bio Nut Butter Bar Tahin 12 x 30 g,https://www.korodrogerie.de/bio-nut-butter-bar-tahin-12-x-30-g,"

12,00 €
",360 g,1819                                   / 435,24 g,"3,3 g",39 g,18 g,16 g,15 g,"0,01 g",Kühl und trocken lagern.,https://koro2.imgix.net/media/image/bf/6e/b8/BIO_Sesam_Tahin_Riegel_07.jpg?auto=compress%2Cformat&w=900&h=900
37,Bio Veganer Proteinriegel Haselnuss 60 g,https://www.korodrogerie.de/bio-veganer-proteinriegel-haselnuss-60-g,"

2,50 €
",60 g,1980                                   / 474,27 g,10 g,32 g,27 g,"4,4 g",25 g,"0,03 g",Kühl und trocken lagern,https://koro2.imgix.net/media/image/f3/bd/3e/ProteinbarHaselnuss.jpg?auto=compress%2Cformat&w=200&h=200
38,Bio Geile Schnitte Schokolade 30 g,https://www.korodrogerie.de/bio-geile-schnitte-schokolade-30-g,"

1,50 €
",30 g,2197                                   / 518,37 g,30 g,39 g,28 g,"9,1 g","5,4 g","0,32 g",Kühl und trocken lagern,https://koro2.imgix.net/media/image/68/cb/5e/Geileschnitte.jpg?auto=compress%2Cformat&w=200&h=200
39,Bio Energy Ball Pistazie 30 g,https://www.korodrogerie.de/bio-energy-ball-pistazie-30-g,"

1,00 €
",30 g,1485                                   / 484,17 g,"2,1 g",47 g,44 g,8 g,10 g,"0,1 g",Kühl und trocken lagern,https://koro2.imgix.net/media/image/2f/a9/g0/EnergyballPistazie.jpg?auto=compress%2Cformat&w=200&h=200
40,Kichererbsen geröstet und gesalzen 1 kg,https://www.korodrogerie.de/kichererbsen-geroestet-und-gesalzen-1-kg,"

10,50 €
",1 kg,1791                                   / 428,16 g,"1,9 g",44 g,"3,7 g",16 g,19 g,"1,5 g","83 % Kichererbsen, Sonnenblumenöl, 1,5 % Salz",https://koro2.imgix.net/media/image/e3/a1/57/KICH_001_01.jpg?auto=compress%2Cformat&w=900&h=900
41,Geröstete Kichererbsen BBQ 1 kg,https://www.korodrogerie.de/geroestete-kichererbsen-bbq-1-kg,"

12,00 €
",Spanien,1769                                   / 422,15 g,"1,8 g",45 g,"4,0 g",15 g,19 g,"1,0 g","Kühl, trocken und vor Licht geschützt lagern",https://koro2.imgix.net/media/image/1d/c0/06/KICH_002_01.jpg?auto=compress%2Cformat&w=900&h=900
42,Geröstete Kichererbsen Salz & Pfeffer 1 kg,https://www.korodrogerie.de/geroestete-kichererbsen-salz-pfeffer-1-kg,"

12,00 €
",1 kg,1763                                   / 421,15 g,"1,8 g",45 g,"3,7 g",15 g,19 g,"1,0 g","81 % Kichererbsen, Sonnenblumenöl, Aroma (natürliche Aromazubereitung [Hefeextrakt, ätherisches Öl aus schwarzen Pfeffer], 1 % Salz, Maltodextrin, Gewürzmischung [Zwiebel, Knoblauch, Cayennepfeffer, 0,3 % schwarzer Pfeffer], Zucker, Säureregulator: Zitronensäure). ",https://koro2.imgix.net/media/image/ec/e0/12/KICH_003_02.jpg?auto=compress%2Cformat&w=900&h=900
43,Bio Rohkostriegel Himbeere 50 g,https://www.korodrogerie.de/bio-rohkostriegel-himbeere-50-g,"

1,50 €
",50 g,1631                                   / 388,18 g,3 g,50 g,43 g,5 g,10 g,0 g,Kühl und trocken lagern.,https://koro2.imgix.net/media/image/4d/16/a1/RAW_Bar_Himbeere_02-1.jpg?auto=compress%2Cformat&w=900&h=900
44,Bio Rohkostriegel Cashew 50 g,https://www.korodrogerie.de/bio-rohkostriegel-cashew-50-g,"

1,50 €
",50 g,1683                                   / 399,20 g,"3,6 g",49 g,40 g,40 g,10 g,0 g,Kühl und trocken lagern.,https://koro2.imgix.net/media/image/de/f7/dc/RAW_Bar_Cashew_02kJNExC8PBupCj.jpg?auto=compress%2Cformat&w=900&h=900
45,Bio Cookie Chocolate Chip 50 g,https://www.korodrogerie.de/bio-cookie-chocolate-chip-50-g,"

2,00 €
",50 g,2079                                   / 500,32 g,18 g,39 g,19 g,"9,2 g","9,7 g","0,04 g","Kühl, trocken und vor Licht geschützt lagern",https://koro2.imgix.net/media/image/f8/4e/df/CookieChocolate.jpg?auto=compress%2Cformat&w=200&h=200
46,Bio Cookie Salted Caramel 50 g,https://www.korodrogerie.de/bio-cookie-salted-caramel-50-g,"

2,00 €
",50 g,2031                                   / 487,28 g,12 g,46 g,18 g,"6,5 g",10 g,"0,23 g",Bitte kühl und trocken lagern.,https://koro2.imgix.net/media/image/b4/fd/77/Cookiesalted.jpg?auto=compress%2Cformat&w=200&h=200
47,Bio Cookie Salted Caramel 12 x 50 g,https://www.korodrogerie.de/bio-cookie-salted-caramel-12-x-50-g,"

13,50 €
",600 g,2031                                   / 487,28 g,12 g,46 g,18 g,"6,5 g",10 g,"0,23 g",Bitte kühl und trocken lagern.,https://koro2.imgix.net/media/image/9a/7e/76/COOKIE_005_01ImM2uw2wcukQ9.jpg?auto=compress%2Cformat&w=900&h=900
48,Apfelchips hauchdünn rot 250 g,https://www.korodrogerie.de/apfelchips-hauchduenn-rot-250-g,"

17,00 €
",0.25 kg,1250                                   / 297,"1,0 g","0,1 g",70 g,62 g,19 g,"1,5 g","0,02 g",100 % Apfel,https://koro2.imgix.net/media/image/94/5a/4e/Apfel_007_02.jpg?auto=compress%2Cformat&w=900&h=900
49,Apfelchips hauchdünn grün 250 g,https://www.korodrogerie.de/apfelchips-hauchduenn-gruen-250-g,"

16,00 €
",0.25 kg,1250                                   / 297,"1,0 g",0 g,70 g,62 g,19 g,"1,5 g","0,02 g",100 % Apfel,https://koro2.imgix.net/media/image/0f/f4/f3/APFEL_008_01.jpg?auto=compress%2Cformat&w=900&h=900
50,Bio Rote Bete Chips  20 x 200 g,https://www.korodrogerie.de/bio-rote-bete-chips-20-x-200-g,"

200,50 €
",4 kg,1415                                   / 335,0 g,0 g,63 g,54 g,17 g,11 g,"0,5 g",Kühl und trocken lagern. Unter Schutzatmosphäre verpackt,https://koro2.imgix.net/media/image/fd/0d/6f/CHIPS_001_TRAY.jpg?auto=compress%2Cformat&w=900&h=900
51,Bio Süßkartoffel Chips  20 x 200 g,https://www.korodrogerie.de/bio-suesskartoffel-chips-20-x-200-g,"

203,50 €
",Polen,1558                                   / 370,"5,4 g","1,8 g","66,2 g","39,6 g","15,9 g","6,2 g","0,32 g",Bitte kühl und trocken lagern,https://koro2.imgix.net/media/image/26/3b/45/CHIPS_002_TRAY.jpg?auto=compress%2Cformat&w=900&h=900
52,Saubohnen geröstet und gesalzen 12 x 750 g,https://www.korodrogerie.de/saubohnen-geroestet-und-gesalzen-12-x-750-g,"

93,00 €
",9 kg,1802                                   / 430,16 g,"1,6 g",40 g,"3,2 g",11 g,26 g,"2,5 g","82 % Saubohnen, Sonnenblumenöl, 2 % Salz",https://koro2.imgix.net/media/image/59/fe/c4/BOHNE_007_TRAY.jpg?auto=compress%2Cformat&w=900&h=900
53,Schwarze Sojabohnen geröstet und gesalzen  12 x 750 g,https://www.korodrogerie.de/schwarze-sojabohnen-geroestet-und-gesalzen-12-x-750-g,"

117,50 €
",9 kg,1923                                   / 459,"13,7 g","2,0 g",32 g,"1,0 g",10 g,"46,5 g","1,3 g","97,7 % Schwarze SOJAbohnen, 1,3 % Salz, Backtriebmittel: E500",https://koro2.imgix.net/media/image/c1/cc/0d/BOHNE_006_TRAY.jpg?auto=compress%2Cformat&w=900&h=900
54,Bohnen-Erbsen-Mix geröstet & gesalzen  12 x 1 kg,https://www.korodrogerie.de/bohnen-erbsen-mix-geroestet-gesalzen-12-x-1-kg,"

125,50 €
",12 kg,1766                                   / 421,14 g,"4,1 g",35 g,"6,7 g",10 g,33 g,"1,0 g","19 % SCHWARZE SOJABOHNEN, 19 % EDAMAME-BOHNEN, 19 % SOJABOHNEN, 14% gebratene Saubohnen (Saubohnen, SOJAÖL, Backtriebmittel: Natriumcarbonat), 13 % Erbsen, WEIZENMEHL, SOJAÖL, modifizierte Maisstärke, Zucker, SOJASAUCE (Wasser, SOJABOHNEN, WEIZEN, Salz), Salz ",https://koro2.imgix.net/media/image/55/4f/3a/BOHNE_002_01nLGqX77uN7S10.jpg?auto=compress%2Cformat&w=900&h=900
55,Amarena Kirschen mit Zartbitterschokolade  25 x 250 g,https://www.korodrogerie.de/amarena-kirschen-mit-zartbitterschokolade-25-x-250-g,"

161,50 €
",6.25 kg,1715                                   / 409,"17,1 g","10,7 g","57,6 g","45,32 g","5,4 g","3,5 g","0,08 g","55 % kandierte Kirschen (Kirschen, Zucker, Glukosesirup, Säuerungsmittel: Zitronensäure; Antioxidationsmittel: Schwefeldioxid; Farbstoff: Antocyane), 45 % Zartbitterschokolade (Kakaomasse, Zucker, Kakaobutter, Emulgator: SOJALECITHINE; Vanillearoma)
Kakaogehalt: Min. 60 % ",https://koro2.imgix.net/media/image/37/e1/80/AMARE_001_TRAY_.jpg?auto=compress%2Cformat&w=900&h=900
56,Sonnengetrocknete Tomaten 10 x 1 kg,https://www.korodrogerie.de/sonnengetrocknete-tomaten-10-x-1-kg,"

111,50 €
",10 kg,1078                                   / 258,"3,0 g",,44 g,38 g,12 g,14 g,"5,3 g","88 % Tomaten, 12 % Salz",https://koro2.imgix.net/media/image/36/57/29/TOM_001_TRAY.jpg?auto=compress%2Cformat&w=900&h=900
57,Apfelstücke mit Zimt & Zucker  8 x 1 kg,https://www.korodrogerie.de/apfelstuecke-mit-zimt-zucker-8-x-1-kg,"

108,00 €
",8 kg,1505                                   / 360,0 g,0 g,89 g,75 g,"2,0 g",0 g,"0,58 g","50 % Apfel, 48 % Zucker, Säuerungsmittel: Citronensäure; Zimt, Antioxidationsmittel: SCHWEFELDIOXID",https://koro2.imgix.net/media/image/99/34/e8/APFEL_001_TRAY.jpg?auto=compress%2Cformat&w=900&h=900
58,Aprikosen in Zartbitterschokolade  10 x 500 g,https://www.korodrogerie.de/aprikosen-in-zartbitterschokolade-10-x-500-g,"

114,50 €
",5 kg,1407                                   / 338,12 g,"7,0 g",57 g,49 g,"5,1 g","4,2 g","0,03 g","70 % Aprikosen, 30 % Zartbitterschokolade (Kakaomasse, Zucker, Kakaobutter, Emulgator: SOJALECITHIN; Vanillearoma)
Kakao: 60 % mindestens",https://koro2.imgix.net/media/image/72/f7/6f/APRIK_005_TRAY_.jpg?auto=compress%2Cformat&w=900&h=900
59,Bio Linsenchips mit Meersalz 100 g,https://www.korodrogerie.de/bio-linsenchips-mit-meersalz-100-g,"

3,00 €
",100 g,2058                                   / 492,24 g,"2,2 g",56 g,"1,0 g","4,6 g",10 g,2 g,Kühl und trocken lagern,https://koro2.imgix.net/media/image/cc/53/5d/Biolinsenchips.jpg?auto=compress%2Cformat&w=200&h=200
60,Bio Linsenchips mit Meersalz 16 x 100 g,https://www.korodrogerie.de/bio-linsenchips-mit-meersalz-16-x-100-g,"

40,00 €
",1600 g,2040                                   / 488,25 g,"2,0 g",59 g,0 g,"4,5 g",10 g,"2,4 g",Kühl und trocken lagern,https://koro2.imgix.net/media/image/9f/df/2c/BIO_Linsenchips_mit_Meersalz_07.jpg?auto=compress%2Cformat&w=900&h=900
61,Nussknacker Walnuss-Feige 40 g,https://www.korodrogerie.de/nussknacker-walnuss-feige-40-g,"

1,50 €
",40 g,2204                                   / 529 ,33 g,4 g,41 g,18 g,"5,9 g",14 g,"0,21 g","Reissirup, WALNÜSSE 17,9%, ERDNÜSSE 17%, Sonnenblumenkerne, Kürbiskerne, Feigen 9%, (getrocknete Feigen, Reismehl), MANDELN, Agavendicksaft, Hirse gepufft, Zimt, Salz",https://koro2.imgix.net/media/image/04/29/eb/Nussknacker_Walnuss_Feige_01.jpg?auto=compress%2Cformat&w=900&h=900
62,Nussknacker Walnuss-Feige 12 x 40 g,https://www.korodrogerie.de/nussknacker-walnuss-feige-12-x-40-g,"

11,00 €
",480 g,2204                                   / 529 ,33 g,"4,0 g",41 g,18 g,"5,9 g",14 g,"0,21 g","Reissirup, 17,9 % WALNÜSSE, 17 % ERDNÜSSE, Sonnenblumenkerne, Kürbiskerne, 9 % Feigen (getrocknete Feigen, Reismehl), MANDELN, Agavendicksaft, Hirse gepufft, Zimt, Salz.",https://koro2.imgix.net/media/image/26/e0/d3/Nussknacker_Walnuss_Feige_07.jpg?auto=compress%2Cformat&w=900&h=900
63,Reiscracker Fried Oregano 1 kg,https://www.korodrogerie.de/reiscracker-fried-oregano-1-kg,"

13,00 €
",1 kg,2059                                   / 492,22 g,10 g,69 g,11 g,"1,7 g","4,1 g","1,5 g","55 % Klebreis, Palmöl, SOJASAUCE (SOJA,WEIZEN, Salz, Wasser), Zucker, 1,4% Oreganopulver ,Chilipulver, Knoblauch- und Zwiebelpulver (Gewürze: Knoblauch, Schalotte, Zwiebel; Zucker, Salz, Tapio-kamaltodextrin, hydrolysiertes pflanzliches Eiweiß (SOJA), SOJASAUCEN PULVER (SOJA, WEIZEN), Knoblaucharoma (SOJAÖL), Geschmacksverstärker: E635), Tapiokastärke, Farbstoff: Capsanthin",https://koro2.imgix.net/media/image/58/52/8d/CRACKER_012_01.jpg?auto=compress%2Cformat&w=900&h=900
64,Nussknacker Cashew-Walnuss 40 g,https://www.korodrogerie.de/nussknacker-cashew-walnuss-40-g,"

2,00 €
",40 g,2472                                   / 595,42 g,"4,9 g",38 g,21 g,"5,6 g",14 g,"0,03 g","CASHEWkerne 17%, WALNÜSSE 16%, ERDNÜSSE 15%, Agavensirup, MANDELN 13%, HASELNÜSSE 13%, Reissirup, Sonnenblumenöl.",https://koro2.imgix.net/media/image/0b/f2/34/NussknackerWalnuss.jpg?auto=compress%2Cformat&w=200&h=200
65,Nussknacker Cashew-Walnuss 12 x 40 g,https://www.korodrogerie.de/nussknacker-cashew-walnuss-12-x-40-g,"

12,00 €
",480 g,2472                                   / 595,42 g,"4,9 g",38 g,21 g,"5,6 g",14 g,"0,03 g","17 % CASHEWKERNE, 16 % WALNÜSSE, 15 % ERDNÜSSE, Agavensirup, 13 % MANDELN, 13 % HASELNÜSSE, Reissirup, Sonnenblumenöl",https://koro2.imgix.net/media/image/0b/f2/34/NussknackerWalnuss.jpg?auto=compress%2Cformat&w=200&h=200
66,Protein Ball Brownie 30 g,https://www.korodrogerie.de/protein-ball-brownie-30-g,"

1,50 €
",30 g,1455                                   / 423,11 g,"1,2 g",50 g,42 g,7 g,16 g,"0,4 g","Datteln (50%), Erbsenprotein (12%), Agavendicksaft (12%), HASELNUSSmus (10%), HAFERflocken (8%), Kakao (6%), HASELNÜSSE (4%)",https://koro2.imgix.net/media/image/2c/57/55/Protein_Ball_Brownie_01.jpg?auto=compress%2Cformat&w=900&h=900
67,Protein Ball Cookie Dough 30 g,https://www.korodrogerie.de/protein-ball-cookie-dough-30-g,"

1,00 €
",30 g,1502                                   / 356,12 g,"2,1 g",47 g,42 g,4 g,20 g,"0,40 g","Datteln (50 %), Erbsenprotein (18 %), CASHEWkerne (12 %), CASHEWmus (10 %), Agavendicksaft (10 %)",https://koro2.imgix.net/media/image/a8/00/04/Protein_Balls_Cookie_Dough_01.jpg?auto=compress%2Cformat&w=900&h=900
68,Bio grüne Oliven mit Stein 400 g,https://www.korodrogerie.de/bio-gruene-oliven-mit-stein-400-g,"

5,00 €
",400 g,624                                   / 149,16 g,"2,3 g",0 g,0 g,"3,1 g","0,9 g",4 g,Kühl und trocken lagern,https://koro2.imgix.net/media/image/e1/66/88/BIO_Grune_Oliven_01.jpg?auto=compress%2Cformat&w=900&h=900
69,Bio grüne Oliven mit Stein 6 x 400 g,https://www.korodrogerie.de/bio-gruene-oliven-mit-stein-6-x-400-g,"

26,00 €
",2.4 kg,624                                   / 149,16 g,"2,3 g",0 g,0 g,"3,1 g","0,9 g",4 g,Kühl und trocken lagern.,https://koro2.imgix.net/media/image/52/89/0a/BIO_Grune_Oliven_06.jpg?auto=compress%2Cformat&w=900&h=900
70,Bio Kalamata Oliven 400 g,https://www.korodrogerie.de/bio-kalamata-oliven-400-g,"

5,00 €
",0.4 kg,990                                   / 240,25 g,"3,7 g",0 g,0 g,"3,5 g","1,3 g","4,0 g",Kühl und trocken lagern,https://koro2.imgix.net/media/image/af/b1/11/BIO_Kalamata_Oliven_01.jpg?auto=compress%2Cformat&w=900&h=900
71,Bio Kalamata Oliven 6 x 400 g,https://www.korodrogerie.de/bio-kalamata-oliven-6-x-400-g,"

26,00 €
",2.4 kg,990                                   / 240,25 g,"3,7 g",0 g,0 g,"3,5 g","1,3 g","4,0 g",Kühl und trocken lagern,https://koro2.imgix.net/media/image/9d/db/a4/BIO_Kalamata_Oliven_08.jpg?auto=compress%2Cformat&w=900&h=900
72,Feigenbrot mit Mandeln 500 g,https://www.korodrogerie.de/feigenbrot-mit-mandeln-500-g,"

9,00 €
",0.5 kg,1427                                   / 338,5 g,"0,4 g",71 g,53 g,"5,6 g",5 g,0 g,"86 % Getrocknete Feigen, 14 % MANDELN, natürliche Gewürzmischung",https://koro2.imgix.net/media/image/75/6d/76/FEIG_005_01.jpg?auto=compress%2Cformat&w=900&h=900
73,Feigenbrot mit Mandeln 12 x 500 g,https://www.korodrogerie.de/feigenbrot-mit-mandeln-12-x-500-g,"

100,00 €
",6 kg,1427                                   / 338,"5,0 g","0,4 g",71 g,53 g,"5,6 g","5,0 g",0 g,"Getrocknete Feigen, MANDELN und eine natürliche Gewürzmischung",https://koro2.imgix.net/media/image/57/07/d9/FEIG_006_01.jpg?auto=compress%2Cformat&w=900&h=900
74,Bio Nut Butter Bar Peanut 30 g,https://www.korodrogerie.de/bio-nut-butter-bar-peanut-30-g,"

1,50 €
",30 g,1695                                   / 405,17 g,"3,5 g",43 g,34 g,11 g,14 g,"0,21 g",An einem kühlen (max. Temperatur unter 25 °C) und trockenen (Luftfeuchtigkeit <65%) Ort lagern.,https://koro2.imgix.net/media/image/01/fb/ab/Nutbutterbar.jpg?auto=compress%2Cformat&w=200&h=200
75,Bio Nut Butter Bar Hazelnut 30 g,https://www.korodrogerie.de/bio-nut-butter-bar-hazelnut-30-g,"

1,00 €
",30 g,1955                                   / 469,26 g,2 g,45 g,36 g,10 g,9 g,"0,04 g",An einem kühlen (max. Temperatur unter 25 °C) und trockenen (Luftfeuchtigkeit <65%) Ort lagern.,https://koro2.imgix.net/media/image/d4/13/03/Nutbutterhasel.jpg?auto=compress%2Cformat&w=200&h=200
76,Bio gepuffter Apfel 500 g,https://www.korodrogerie.de/bio-gepuffter-apfel-500-g,"

20,50 €
",0.5 kg,1420                                   / 338,"0,4 g","0,1 g",74 g,70 g,"7,8 g","2,4 g","0,7 g","Kühl, trocken und luftdicht verschlossen lagern",https://koro2.imgix.net/media/image/17/73/d9/BIO_Gepuffter_Apfel_01.jpg?auto=compress%2Cformat&w=900&h=900
77,Bio gepuffte Physalis 500 g,https://www.korodrogerie.de/bio-gepuffte-physalis-500-g,"

17,50 €
",0.5 kg,1646                                   / 388,"2,0 g","0,4 g",90 g,66 g,7 g,"0,6 g",0 g,"Kühl, trocken und luftdicht verschlossen lagern",https://koro2.imgix.net/media/image/1e/1c/64/BIO_Gepuffte_Physalis_01.jpg?auto=compress%2Cformat&w=900&h=900
78,Bio gepuffte Mango 500 g,https://www.korodrogerie.de/bio-gepuffte-mango-500-g,"

16,00 €
",0.5 kg,1532                                   / 362,"0,7 g","0,3 g",82 g,72 g,"8,4 g","3,0 g",0 g,"Kühl, trocken und luftdicht verschlossen lagern",https://koro2.imgix.net/media/image/98/e1/fc/BIO_Gepuffte_Mango_01TPbKjNd56Bk3N.jpg?auto=compress%2Cformat&w=900&h=900
79,Bio gepuffte Banane 500 g,https://www.korodrogerie.de/bio-gepuffte-banane-500-g,"

12,00 €
",0.5 kg,1521                                   / 350,"0,3 g",0 g,81 g,69.5 g,"9,5 g","4,0 g",0 g,"Bitte kühl, trocken und luftdicht verschlossen lagern",https://koro2.imgix.net/media/image/bf/d6/d5/BIO_Gepuffte_Banane_01.jpg?auto=compress%2Cformat&w=900&h=900
80,Bio Tomatenchips 500 g,https://www.korodrogerie.de/bio-tomatenchips-500-g,"

14,00 €
",0.5 kg,1348                                   / 319,"3,3 g","1,1 g",60 g,46 g,"7,1 g",9 g,"0,08 g","Kühl, trocken und vor Licht geschützt lagern.",https://koro2.imgix.net/media/image/ff/1b/0e/TOM_003_01.jpg?auto=compress%2Cformat&w=900&h=900
81,Zimtwaffel 100 g,https://www.korodrogerie.de/zimtwaffel-100-g,"

4,00 €
",100 g,1686                                   / 399,"5,1 g","0,8 g",76 g,33 g,5 g,"9,7 g","0,8 g","WEIZENmehl, Zucker, 4,6 % Zimt, Pflanzenöl (Raps), Emulgatur: SOJAlecithine, Backtriebmitttel: Natriumhydrogencarbonat, Salz.
",https://koro2.imgix.net/media/image/85/e3/23/WAFFEL_001_01.jpg?auto=compress%2Cformat&w=900&h=900
82,Bio Tomatenchips 13 x 500 g,https://www.korodrogerie.de/bio-tomatenchips-13-x-500-g,"

165,50 €
",6.5 kg,1348                                   / 319,"3,3 g","1,1 g",60 g,46 g,"7,1 g","9,0 g","0,08 g",Kühl und trocken lagern,https://koro2.imgix.net/media/image/2d/64/f5/TOM_004_01.jpg?auto=compress%2Cformat&w=900&h=900
83,Mandeln mit veganer Kakao Glasur 1 kg,https://www.korodrogerie.de/mandeln-mit-veganer-kakao-glasur-1-kg,"

19,50 €
",1 kg,2289                                   / 551,38 g,15 g,38 g,28 g,12 g,"7,7 g","0,13 g","68 % Fettglasur (34,5 % Zucker, 25 % Kakaobutter, 14 % Kakaomasse, 13,5 % Reispulver (Reissirup, Reismehl), 11 % Ballaststoffe, 0,7 % E322 (Lecithine) (SOJA), 0,7 % natürliches Kakaoaroma, 0,7 % natürliches Vanillearoma), 30 % MANDELN, 2 % Glasurmittel (83,2 % Glukosesirup, Emulgator: 16,8 % E414)
",https://koro2.imgix.net/media/image/21/1c/7d/VEMAND_001_02.jpg?auto=compress%2Cformat&w=900&h=900
84,Cracker Dinkel-Chia 500 g,https://www.korodrogerie.de/cracker-dinkel-chia-500-g,"

4,50 €
",0.5 kg,1689                                   / 400,"5,8 g","0,9 g",72 g,"1,6 g","3,7 g",13 g,"1,3 g","WEIZENmehl, 30 % DINKELmehl, Sonnenblumenöl, 3,6 % Chia Samen (Salvia hispanica), Extra Virgin Olivenöl, Meersalz, Hefe			",https://koro2.imgix.net/media/image/64/e8/96/CRACKER_013_02.jpg?auto=compress%2Cformat&w=900&h=900
85,Cracker Hanf-Mohnsamen 500 g,https://www.korodrogerie.de/cracker-hanf-mohnsamen-500-g,"

4,50 €
",0.5 kg,1630                                   / 386,"5,4 g","0,6 g",67 g,"1,8 g","6,6 g",14 g,"1,3 g","WEIZENmehl, 7 % HANFmehl, Sonnenblumenöl,3,6 % Mohnsamen, Olivenöl, Meersalz, Hefe.",https://koro2.imgix.net/media/image/95/af/2d/CRACKER_014_01.jpg?auto=compress%2Cformat&w=900&h=900
86,Cracker Dinkel-Chia 6 x 500 g,https://www.korodrogerie.de/cracker-dinkel-chia-6-x-500-g,"

25,00 €
",3 kg,1689                                   / 400,"5,8 g","0,9 g",72 g,"1,6 g","3,7 g",13 g,"1,3 g","WEIZENmehl, 30 % DINKELmehl, Sonnenblumenöl, 3,6 % Chia Samen (Salvia hispanica), Extra Virgin Olivenöl, Meersalz, Hefe			",https://koro2.imgix.net/media/image/c2/19/82/Cracker_Dinkel.jpg?auto=compress%2Cformat&w=200&h=200
87,Cracker Hanf-Mohnsamen 6 x 500 g,https://www.korodrogerie.de/cracker-hanf-mohnsamen-6-x-500-g,"

25,00 €
",3 kg,1630                                   / 386,"5,4 g","0,6 g",67 g,"1,8 g","6,6 g",14 g,"1,3 g","WEIZENmehl, 7 % Hanfmehl, Sonnenblumenöl, 3,6 % Mohnsamen, Olivenöl, Meersalz, Hefe			",https://koro2.imgix.net/media/image/cb/b1/f5/CRACKER_016_01.jpg?auto=compress%2Cformat&w=900&h=900
88,Bio gepuffter Apfel 16 x 500 g,https://www.korodrogerie.de/bio-gepuffter-apfel-16-x-500-g,"

256,00 €
",8 kg,1420                                   / 338,"0,4 g","0,1 g",74 g,70 g,"7,8 g","2,4 g","0,7 g","Bitte kühl, trocken und luftdicht verschlossen lagern",https://koro2.imgix.net/media/image/f1/10/31/BIO_Gepuffter_Apfel_06.jpg?auto=compress%2Cformat&w=900&h=900
89,Bio gepuffte Physalis 16 x 500 g,https://www.korodrogerie.de/bio-gepuffte-physalis-16-x-500-g,"

216,00 €
",8 kg,1646                                   / 388,"2,0 g","0,4 g",,,15 g,"0,6 g",0 g,"Bitte kühl, trocken und luftdicht verschlossen lagern",https://koro2.imgix.net/media/image/1e/f9/98/BIO_Gepuffte_Physalis_07aP3yGhipZtwoW.jpg?auto=compress%2Cformat&w=900&h=900
90,Bio gepuffte Mango 16 x 500 g,https://www.korodrogerie.de/bio-gepuffte-mango-16-x-500-g,"

194,00 €
",8 kg,1532                                   / 362,"0,7 g","0,3 g",82 g,72 g,"8,4 g","3,0 g",0 g,"Bitte kühl, trocken und luftdicht verschlossen lagern",https://koro2.imgix.net/media/image/af/07/6b/BIO_Gepuffte_Mango_06Sa9CERAZYE5x0.jpg?auto=compress%2Cformat&w=900&h=900
91,Bio gepuffte Banane 16 x 500 g,https://www.korodrogerie.de/bio-gepuffte-banane-16-x-500-g,"

137,50 €
",8 kg,1521                                   / 350,"0,3 g",0 g,81 g,70 g,"9,5 g","4,0 g",0 g,"Bitte kühl, trocken und luftdicht verschlossen lagern",https://koro2.imgix.net/media/image/2c/45/15/BIO_Gepuffte_Banane_07.jpg?auto=compress%2Cformat&w=900&h=900
92,Protein Ball Brownie 15 x 30 g,https://www.korodrogerie.de/protein-ball-brownie-15-x-30-g,"

16,00 €
",450 g,1455                                   / 423,11 g,"1,2 g",50 g,42 g,7 g,16 g,0 g,"Datteln (50%), Erbsenprotein (12%), Agavendicksaft (12%), HASELNUSSmus (10%), HAFERflocken (8%), Kakao (6%), HASELNÜSSE (4%)",https://koro2.imgix.net/media/image/26/ab/27/Protein_Ball_Brownie_06.jpg?auto=compress%2Cformat&w=900&h=900
93,Bio Flapjack Kakao 15 x 60 g,https://www.korodrogerie.de/bio-flapjack-kakao-15-x-60-g,"

22,00 €
",900 g,1767                                   / 423,20 g,"5,1 g",45 g,20 g,13 g,"9,5 g","0,121 g",Bitte kühl und trocken lagern und vor Wärme schützen,https://koro2.imgix.net/media/image/f7/69/47/Flapjackkakao.jpg?auto=compress%2Cformat&w=200&h=200
94,Bio Veganer Proteinriegel Haselnuss 12 x 60 g,https://www.korodrogerie.de/bio-veganer-proteinriegel-haselnuss-12-x-60-g,"

19,00 €
",720 g,1980                                   / 474,27 g,10 g,32 g,27 g,"4,4 g",25 g,"0,03 g",Kühl und trocken lagern,https://koro2.imgix.net/media/image/d7/62/fa/RIEGEL_026_01.jpg?auto=compress%2Cformat&w=900&h=900
95,Protein Ball Cookie Dough 15 x 30 g,https://www.korodrogerie.de/protein-ball-cookie-dough-15-x-30-g,"

14,00 €
",450 g,1502                                   / 356,12 g,"2,1 g",47 g,42 g,4 g,20 g,"0,40 g","Datteln (50%), Erbsenprotein (12%), CASHEWkerne (12%), CASHEWmus (12%), Agavendicksaft",https://koro2.imgix.net/media/image/5e/e5/e8/Protein_Balls_Cookie_Dough_05.jpg?auto=compress%2Cformat&w=900&h=900
96,Bio Geile Schnitte Schokolade 10 x 30 g,https://www.korodrogerie.de/bio-geile-schnitte-schokolade-10-x-30-g,"

9,00 €
",300 g,2197                                   / 518,37 g,30 g,39 g,28 g,"9,1 g","5,4 g","0,32 g",Kühl und trocken lagern und vor Licht schützen,https://koro2.imgix.net/media/image/68/cb/5e/Geileschnitte.jpg?auto=compress%2Cformat&w=200&h=200
97,Bio Nut Butter Bar Peanut 12 x 30 g,https://www.korodrogerie.de/bio-nut-butter-bar-peanut-12-x-30-g,"

12,00 €
",360 g,1695                                   / 405,17 g,"3,5 g",43 g,34 g,11 g,14 g,"0,21 g",An einem kühlen (max. Temperatur unter 25 °C) und trockenen (Luftfeuchtigkeit <65%) Ort lagern.,https://koro2.imgix.net/media/image/01/fb/ab/Nutbutterbar.jpg?auto=compress%2Cformat&w=200&h=200
98,Bio Nut Butter Bar Hazelnut 12 x 30 g,https://www.korodrogerie.de/bio-nut-butter-bar-hazelnut-12-x-30-g,"

10,00 €
",360 g,1955                                   / 469,26 g,2 g,45 g,36 g,10 g,9 g,"0,04 g",An einem kühlen (max. Temperatur unter 25 °C) und trockenen (Luftfeuchtigkeit <65%) Ort lagern.,https://koro2.imgix.net/media/image/5d/34/4a/RIEGEL_029_01.jpg?auto=compress%2Cformat&w=900&h=900
99,Bio Energy Ball Haselnuss 15 x 30 g,https://www.korodrogerie.de/bio-energy-ball-haselnuss-15-x-30-g,"

17,50 €
",450 g,1548                                   / 378,16 g,"2,8 g",50 g,46 g,"6,0 g","8,8 g",0 g,Kühl und trocken lagern,https://koro2.imgix.net/media/image/59/ef/0e/EnergyballHaselnussJVmjlJ6JYB2KO.jpg?auto=compress%2Cformat&w=200&h=200
100,Bio Energy Ball Pistazie 15 x 30 g,https://www.korodrogerie.de/bio-energy-ball-pistazie-15-x-30-g,"

14,00 €
",450 g,1485                                   / 484,17 g,"2,1 g",47 g,44 g,"8,0 g",10 g,"0,1 g",Kühl und trocken lagern,https://koro2.imgix.net/media/image/2f/a9/g0/EnergyballPistazie.jpg?auto=compress%2Cformat&w=200&h=200
101,Bio Energy Ball Erdnuss 15 x 30 g,https://www.korodrogerie.de/bio-energy-ball-erdnuss-15-x-30-g,"

18,00 €
",450 g,1481                                   / 354,16 g,"3,3 g",48 g,46 g,"6,0 g",11 g,0 g,Kühl und trocken lagern,https://koro2.imgix.net/media/image/1f/57/97/EnergyballErdnuss.jpg?auto=compress%2Cformat&w=200&h=200
102,Bio Energy Ball Salted Peanut 15 x 30 g,https://www.korodrogerie.de/bio-energy-ball-salted-peanut-15-x-30-g,"

18,50 €
",450 g,1679                                   / 401,20 g,"3,5 g",45 g,35 g,"7,0 g",13 g,"0,87 g",Kühl und trocken lagern,https://koro2.imgix.net/media/image/83/44/b0/PeanutEnergy.jpg?auto=compress%2Cformat&w=200&h=200
103,Zimtwaffel 10 x 100 g,https://www.korodrogerie.de/zimtwaffel-10-x-100-g,"

34,00 €
",1000 g,1686                                   / 399,"5,1 g","0,8 g",76 g,33 g,5 g,"9,7 g","0,8 g","WEIZENMEHL, Zucker, 4,6 % Zimt, Pflanzenöl (Raps), Emulgatur: SOJAlLECITHINE, Backtriebmitttel: Natriumhydrogencarbonat, Salz.			",https://koro2.imgix.net/media/image/97/12/66/WAFFEL_002_01.jpg?auto=compress%2Cformat&w=900&h=900
104,Bio Rohkostriegel Cashew 12 x 50 g,https://www.korodrogerie.de/bio-rohkostriegel-cashew-12-x-50-g,"

15,00 €
",Portugal,1683                                   / 399,20 g,"3,6 g",49 g,40 g,4 g,10 g,0 g,"KoRo Handels GmbHKoppenplatz 9, 10115 Berlin",https://koro2.imgix.net/media/image/79/9a/c6/RAW_Bar_Cashew_01-1.jpg?auto=compress%2Cformat&w=900&h=900
105,Bio Rohkostriegel Kakao 12 x 50 g,https://www.korodrogerie.de/bio-rohkostriegel-kakao-12-x-50-g,"

12,00 €
",600 g,1683                                   / 399,20 g,"3,6 g",49 g,40 g,4 g,10 g,0 g,Bitte kühl und trocken lagern.,https://koro2.imgix.net/media/image/ba/07/3b/RAW_Bar_Kakao-01-1.jpg?auto=compress%2Cformat&w=900&h=900
106,Bio Rohkostriegel Himbeere 12 x 50 g,https://www.korodrogerie.de/bio-rohkostriegel-himbeere-12-x-50-g,"

15,50 €
",600 g,1631                                   / 388,18 g,3 g,50 g,43 g,5 g,10 g,0 g,Bitte kühl und trocken lagern.,https://koro2.imgix.net/media/image/a0/9a/2f/RAW_Bar_Himbeere_01-2.jpg?auto=compress%2Cformat&w=900&h=900
107,Haferkeks mit Schokodrops 200 g,https://www.korodrogerie.de/haferkeks-mit-schokodrops-200-g,"

3,50 €
",200 g,2057                                   / 492,28  g,13 g,56  g,0 g,"4,2 g","8,5  g",0 g,"34 % HAFER (20 % HAFERMEHL, 3 % HAFERFLOCKEN, 2 % HAFERKLEIE), WEIZENMEHL, pflanzliche Margarine (Shea, Kokosnussöl, Wasser, Salz, konzentrierter Zitronensaft, natürliches Aroma), 11% dunkle Schokolade ohne Zucker mit Süßstoffen (Kakaomasse, Süßstoff: Maltitol, Kakaobutter, Emulgator: SOJALECITHIN, natürliche Aromastoffe. Kakao: 60 % min.), Süßstoff (Maltitol), Tahin, Pflanzenöl (Sonnenblumenöl), Wasser, Maltodextrin, Inulin, Backpulver (Natriumbicarbonat), Salz, Aroma",https://koro2.imgix.net/media/image/d8/d9/aa/Hafer-Cookies-Schokodrops.jpg?auto=compress%2Cformat&w=200&h=200
108,Haferkekse mit Schokodrops 12 x 200 g,https://www.korodrogerie.de/haferkekse-mit-schokodrops-12-x-200-g,"

36,50 €
",2400 g,2057                                   / 492,28  g,13 g,56  g,0 g,"4,2 g","8,5  g",0 g,"34 % HAFER (20 % HAFERMEHL, 3 % HAFERFLOCKEN, 2 % HAFERKLEIE), WEIZENMEHL, pflanzliche Margarine (Shea, Kokosnussöl, Wasser, Salz, konzentrierter Zitronensaft, natürliches Aroma), 11% dunkle Schokolade ohne Zucker mit Süßstoffen (Kakaomasse, Süßstoff: Maltitol, Kakaobutter, Emulgator: SOJALECITHIN, natürliche Aromastoffe. Kakao: 60 % min.), Süßstoff (Maltitol), Tahin, Pflanzenöl (Sonnenblumenöl), Wasser, Maltodextrin, Inulin, Backpulver (Natriumbicarbonat), Salz, Aroma",https://koro2.imgix.net/media/image/e2/2c/b2/Haferkeks_mit_Schokodrops_08.jpg?auto=compress%2Cformat&w=900&h=900
109,Gebrannte Haselnüsse Salted Caramel 1 kg,https://www.korodrogerie.de/gebrannte-haselnuesse-salted-caramel-1-kg,"

22,00 €
",Griechenland,2346                                   / 564,37 g,"2,8 g",45 g,43 g,5 g,"9,2 g","0,94 g","Kühl, trocken und vor Licht geschützt lagern",https://koro2.imgix.net/media/image/3a/69/e4/HASEL_003_02.jpg?auto=compress%2Cformat&w=900&h=900
110,Mandeln mit veganer Kakao Glasur 3 x 1 kg,https://www.korodrogerie.de/mandeln-mit-veganer-kakao-glasur-3-x-1-kg,"

56,00 €
",3 kg,2289                                   / 551,38 g,15 g,38 g,28 g,12 g,"7,7 g","0,13 g","68 % Fettglasur (34,5 % Zucker, 25 % Kakaobutter, 14 % Kakaomasse, 13,5 % Reispulver (Reissirup, Reismehl), 11 % Ballaststoffe, 0,7 % E322 (Lecithine) (SOJA), 0,7 % natürliches Kakaoaroma, 0,7 % natürliches Vanillearoma), 30 % MANDELN, 2 % Glasurmittel (83,2 % Glukosesirup, Emulgator: 16,8 % E414)",https://koro2.imgix.net/media/image/8d/4b/86/VEMAND_002_01rf6oHaNPQqllP.jpg?auto=compress%2Cformat&w=900&h=900
111,Gebrannte Cashewkerne Salted Caramel 1 kg,https://www.korodrogerie.de/gebrannte-cashewkerne-salted-caramel-1-kg,"

23,00 €
",Griechenland,2143                                   / 512,26 g,"5,2 g",57 g,46 g,"2,4 g",11 g,"0,71 g","Kühl, trocken und vor Licht  geschützt lagern",https://koro2.imgix.net/media/image/31/5d/ca/CASHEW_008_02.jpg?auto=compress%2Cformat&w=900&h=900
112,Gebrannte Pekannüsse 1 kg,https://www.korodrogerie.de/gebrannte-pekannuesse-1-kg,"

22,00 €
",Griechenland,2325                                   / 556,36 g,3 g,53 g,49 g,"3,5 g","5,5 g","0,11 g","Kühl, trocken und vor Licht geschützt lagern",https://koro2.imgix.net/media/image/43/8e/34/PEKAN_010_03.jpg?auto=compress%2Cformat&w=900&h=900
113,Vegane Schokobrezeln ohne Zuckerzusatz 1 kg,https://www.korodrogerie.de/vegane-schokobrezeln-ohne-zuckerzusatz-1-kg,"

19,50 €
",1 kg,1879                                   / 448,16 g,"6,4 g",55 g,"1,1 g",0 g,"7,9 g","2,2 g","Kakaomasse, Süßungsmittel: 25,92 % Maltit; WEIZENMEHL, Kakaobutter, Rapsöl, 1 % Salz, 1 % Meersalz, Hefe, GERSTENMALZEXTRAKT, Emulgator: SOJAlecithine; Backtriebmittel: Natriumhydrogencarbonat; Säureregulator: Natriumhydroxid; natürliches Aroma (Vanille). Kakaoanteil: mind. 55,4 %. ",https://koro2.imgix.net/media/image/a0/58/03/BREZ_003_01.jpg?auto=compress%2Cformat&w=900&h=900
114,Vegane Schokobrezeln ohne Zuckerzusatz 12 x 1 kg,https://www.korodrogerie.de/vegane-schokobrezeln-ohne-zuckerzusatz-12-x-1-kg,"

218,00 €
",12 kg,1879                                   / 448,16 g,"6,4 g",55 g,"1,1 g",0 g,"8,0 g","2,2 g","Kakaomasse (Kakaoanteil: mind. 55,4 %), Süßungsmittel: 25, 92 % Maltit; WEIZENMEHL, Kakaobutter, Rapsöl, 1 % Salz, 1 % Meersalz, Hefe, GERSTENMALZEXTRAKT, Emulgator: SOJAlecithine; Backtriebmittel: Natriumhydrogencarbonat, Säureregulator: Natriumhydroxid, natürliches Aroma (Vanille)",https://koro2.imgix.net/media/image/7f/cf/30/BREZ_004_01.jpg?auto=compress%2Cformat&w=900&h=900
115,Gebrannte Erdnüsse Salted Caramel 1 kg,https://www.korodrogerie.de/gebrannte-erdnuesse-salted-caramel-1-kg,"

11,50 €
",Griechenland,2071                                   / 495,25 g,"4,4 g",49 g,46 g,"7,4 g",15 g,"0,85 g","Kühl, trocken und vor Licht geschützt lagern",https://koro2.imgix.net/media/image/2b/b8/e0/ERDNUSS_021_01.jpg?auto=compress%2Cformat&w=900&h=900
116,Gebrannte Erdnüsse Salted Caramel 12 x 1 kg,https://www.korodrogerie.de/gebrannte-erdnuesse-salted-caramel-12-x-1-kg,"

126,50 €
",Griechenland,2071                                   / 495,25 g,"4,4 g",49 g,46 g,"7,4 g",15 g,"0,85 g","Kühl, trocken und vor Licht geschützt lagern",https://koro2.imgix.net/media/image/24/76/d3/ERDNUSS_022_06.jpg?auto=compress%2Cformat&w=900&h=900
117,Gebrannte Haselnüsse Salted Caramel 12 x 1 kg,https://www.korodrogerie.de/gebrannte-haselnuesse-salted-caramel-12-x-1-kg,"

251,00 €
",Griechenland,2346                                   / 564,37 g,"2,8 g",45 g,43 g,"5,0 g","9,2 g","0,94 g","Kühl, trocken und vor Licht geschützt lagern",https://koro2.imgix.net/media/image/28/3c/60/HASEL_004_01.jpg?auto=compress%2Cformat&w=900&h=900
118,Gebrannte Cashewkerne Salted Caramel 12 x 1 kg,https://www.korodrogerie.de/gebrannte-cashewkerne-salted-caramel-12-x-1-kg,"

264,00 €
",Griechenland,2143                                   / 512,26 g,"5,2 g",57 g,46 g,"2,4 g",11 g,"0,71 g","Kühl, trocken und vor Licht geschützt lagern",https://koro2.imgix.net/media/image/f4/14/40/CASHEW_009_01.jpg?auto=compress%2Cformat&w=900&h=900
119,Gebrannte Pekannüsse 12 x 1 kg,https://www.korodrogerie.de/gebrannte-pekannuesse-12-x-1-kg,"

247,00 €
",Griechenland,2325                                   / 556,36 g,"3,0 g",53 g,49 g,"3,5 g","5,5 g","0,11 g","Kühl, trocken und vor Licht geschützt lagern",https://koro2.imgix.net/media/image/f5/09/3a/PEKAN_011_01-1.jpg?auto=compress%2Cformat&w=900&h=900
120,Edamame geröstet & gesalzen 5 kg,https://www.korodrogerie.de/edamame-geroestet-gesalzen-5-kg,"

69,00 €
",5 kg,1726                                   / 412,14 g,"2,0 g",23 g,"1,0 g",13 g,43 g,"1,3 g","97,7 % Edamame (SOJABOHNEN), 1,3 % Salz, Backtriebmittel: E500",https://koro2.imgix.net/media/image/a4/5d/98/BULK_016.jpg?auto=compress%2Cformat&w=900&h=900
121,Snack Feigen 1 kg,https://www.korodrogerie.de/snack-feigen-1-kg,"

10,50 €
",1 kg,1088                                   / 260,"0,9 g",0 g,54 g,48 g,"9,8 g","3,3 g","0,03 g","99 % Feigen, Reismehl ",https://koro2.imgix.net/media/image/fc/58/2d/Feigen_1kg_01.jpg?auto=compress%2Cformat&w=900&h=900
122,Snack Feigen 10 x 1 kg,https://www.korodrogerie.de/snack-feigen-10-x-1-kg,"

99,00 €
",10 kg,1088                                   / 260,"0,9 g",0 g,54 g,48 g,"9,8 g","3,3 g","0,03 g","99 % Feigen, Reismehl ",https://koro2.imgix.net/media/image/0e/d3/a2/FEIG_009_01.jpg?auto=compress%2Cformat&w=900&h=900
123,Soja Protein Crispies 77 % mit Kakao 1 kg,https://www.korodrogerie.de/soja-protein-crispies-77-mit-kakao-1-kg,"

20,00 €
",USA,1594                                   / 381,"3,0 g","1,0 g",12 g,"0,7 g",,77 g,"2,1 g",Kühl und trocken lagern,https://koro2.imgix.net/media/image/6a/b4/66/Soja-Crispies-KakaoVeKNEFvGAIPWQ.jpg?auto=compress%2Cformat&w=200&h=200
124,Lübecker Edelmarzipan-Kartoffeln 500 g,https://www.korodrogerie.de/luebecker-edelmarzipan-kartoffeln-500-g,"

7,50 €
",0.5 kg,1956                                   / 467,26 g,"2,1 g",43 g,43 g,"6,9 g",11 g,0 g,"48 % gemahlene MANDELN, Zucker, Wasser, 1 % stark entöltes Kakaopulver, Feuchthaltemittel: Invertase",https://koro2.imgix.net/media/image/68/92/6e/MARZI_007_02.jpg?auto=compress%2Cformat&w=900&h=900
125,Bio Edelmarzipan-Kartoffeln 500 g,https://www.korodrogerie.de/bio-edelmarzipan-kartoffeln-500-g,"

12,50 €
",Deutschland,1931                                   / 462,25 g,"2,2 g",46 g,45 g,6 g,"9,6 g",0 g,"KoRo Handels GmbHKoppenplatz 9, 10115 Berlin",https://koro2.imgix.net/media/image/8d/99/47/Edelmarzipan-Kartoffeln.jpg?auto=compress%2Cformat&w=200&h=200
126,Bio Einkorn Sticks 200 g,https://www.korodrogerie.de/bio-einkorn-sticks-200-g,"

4,00 €
",Bulgarien,1674                                   / 397,"6,9 g",5 g,67 g,6 g,7 g,12 g,"0,8 g","KoRo Handels GmbHKoppenplatz 9, 10115 Berlin",https://koro2.imgix.net/media/image/68/bb/4d/EINKORN_001_02.jpg?auto=compress%2Cformat&w=900&h=900
127,Bio Bruchschokolade Bitter Blaubeere Quinoa 5 x 1 kg,https://www.korodrogerie.de/bio-bruchschokolade-bitter-blaubeere-quinoa-5-x-1-kg,"

48,50 €
",5 kg,2310                                   / 558,42 g,26 g,30 g,20 g,13 g,"8,1 g","0,13 g",Kühl und trocken lagern ,https://koro2.imgix.net/media/image/e9/f7/41/SCHOKO_024_01.jpg?auto=compress%2Cformat&w=900&h=900
128,Lübecker Edelmarzipan-Kartoffeln 6 x 500 g,https://www.korodrogerie.de/luebecker-edelmarzipan-kartoffeln-6-x-500-g,"

37,50 €
",3 kg,1956                                   / 467,26 g,"2,1 g",43 g,43 g,"6,9 g",11 g,0 g,"48 % gemahlene MANDELN, Zucker, Wasser, 1 % stark entöltes Kakaopulver, Feuchthaltemittel: Invertase",https://koro2.imgix.net/media/image/73/f6/af/MARZI_008_01.jpg?auto=compress%2Cformat&w=900&h=900
129,Bio Energy Ball Salted Hazelnut 30 g,https://www.korodrogerie.de/bio-energy-ball-salted-hazelnut-30-g,"

1,50 €
",30 g,1737                                   / 412,20 g,11 g,52 g,36 g,14 g,"7,4 g","0,6 g","Kühl, trocken und vor Licht geschützt lagern",https://koro2.imgix.net/media/image/fd/6b/3d/Eneryball_Salted_Hazelnut_01-1.jpg?auto=compress%2Cformat&w=900&h=900
130,Bio Energy Ball Salted Hazelnut 15 x 30 g,https://www.korodrogerie.de/bio-energy-ball-salted-hazelnut-15-x-30-g,"

18,50 €
",450 g,1737                                   / 412,20 g,11 g,52 g,36 g,14 g,"7,4 g","0,6 g","Kühl, trocken und vor Licht geschützt lagern",https://koro2.imgix.net/media/image/1f/7a/a6/Eneryball_Salted_Hazelnut_085IPDSJE1MUywW.jpg?auto=compress%2Cformat&w=900&h=900
131,Bio Energy Ball Cashew-Zimt 15 x 30 g,https://www.korodrogerie.de/bio-energy-ball-cashew-zimt-15-x-30-g,"

18,50 €
",Portugal,1567                                   / 390,17 g,"3,4 g",53 g,38 g,"5,6 g","9,5 g","0,5 g","KoRo Handels GmbHKoppenplatz 9, 10115 Berlin",https://koro2.imgix.net/media/image/fa/17/83/Eneryball_Cashew_Zimt_08z3hT8ivtohmrG.jpg?auto=compress%2Cformat&w=900&h=900
132,Bio Energy Ball Salted Pistachio 30 g,https://www.korodrogerie.de/bio-energy-ball-salted-pistachio-30-g,"

2,00 €
",Portugal,1597                                   / 381,16 g,"3,7 g",49 g,38 g,"6,4 g",11 g,"0,5 g","KoRo Handels GmbHKoppenplatz 9, 10115 Berlin",https://koro2.imgix.net/media/image/2c/54/2f/BLISS_19_01.jpg?auto=compress%2Cformat&w=900&h=900
133,Rohkostriegel Erdnuss-Karamell 3 x 35 g,https://www.korodrogerie.de/rohkostriegel-erdnuss-karamell-3-x-35-g,"

2,50 €
",Portugal,1065                                   / 344,12 g,"1,6 g",53 g,43 g,"6,5 g","9,4 g","0,9 g","Kühl, trocken und vor Licht geschützt lagern.	",https://koro2.imgix.net/media/image/53/a2/78/Rohkostriegel_Erdnuss-Karamell_01rya7eBIb4tE7A.jpg?auto=compress%2Cformat&w=900&h=900
134,Rohkostriegel Erdnuss-Karamell 12 x 3 x 35 g,https://www.korodrogerie.de/rohkostriegel-erdnuss-karamell-12-x-3-x-35-g,"

24,50 €
",Portugal,1065                                   / 344,12 g,"1,6 g",53 g,43 g,"6,5 g","9,4 g","0,9 g","Kühl, trocken und vor Licht geschützt lagern.	",https://koro2.imgix.net/media/image/7e/07/a2/Rohkostriegel_Erdnuss-Karamell_09-1.jpg?auto=compress%2Cformat&w=900&h=900
135,Rohkostriegel Haselnuss-Kakao 3 x 35 g,https://www.korodrogerie.de/rohkostriegel-haselnuss-kakao-3-x-35-g,"

2,50 €
",Portugal,1371                                   / 442,13 g,"1,5 g",55 g,50 g,"7,7 g","7,8 g",0 g,"Kühl, trocken und vor Licht geschützt lagern.	",https://koro2.imgix.net/media/image/b8/38/90/RIEGEL_37_01.jpg?auto=compress%2Cformat&w=900&h=900
136,Rohkostriegel Haselnuss-Kakao 12 x 3 x 35 g,https://www.korodrogerie.de/rohkostriegel-haselnuss-kakao-12-x-3-x-35-g,"

24,50 €
",Portugal,1371                                   / 442,13 g,"1,5 g",55 g,50 g,"7,7 g","7,8 g",0 g,"Kühl, trocken und vor Licht geschützt lagern.	",https://koro2.imgix.net/media/image/43/eb/4a/RIEGEL_38_01So75lJkLVuLlY.jpg?auto=compress%2Cformat&w=900&h=900
137,Erbsen Protein Crispies 71% 1 kg,https://www.korodrogerie.de/erbsen-protein-crispies-71-1-kg,"

20,50 €
",USA,1711                                   / 406,"6,3 g","1,3 g",17 g,"1,5 g",,71 g,"1,8 g",Kühl und trocken lagern.	,https://koro2.imgix.net/media/image/8f/93/21/Erbsen-Protein-Crispies_01.jpg?auto=compress%2Cformat&w=900&h=900
138,Bio Edelmarzipan-Kartoffeln 6 x 500 g,https://www.korodrogerie.de/bio-edelmarzipan-kartoffeln-6-x-500-g,"

59,50 €
",Deutschland,1931                                   / 462,25 g,"2,2 g",46 g,45 g,"6,0 g","9,6 g",0 g,"KoRo Handels GmbHKoppenplatz 9, 10115 Berlin",https://koro2.imgix.net/media/image/63/c0/d0/BIO_Edelmarzipan_Kartoffeln_07.jpg?auto=compress%2Cformat&w=900&h=900
139,Feigen in Zartbitterschokolade 500 g,https://www.korodrogerie.de/feigen-in-zartbitterschokolade-500-g,"

13,00 €
",0.5 kg,1622                                   / 389,17 g,"9,7 g",50 g,48 g,"7,6 g","4,5 g",0 g,"59 % getrocknete Feigen, 41 % Zartbitterschokolade (Kakaomasse, Zucker, Kakaobutter, Emulgator: SOJALECITHIN; Vanillearoma). Kakao: 50 % mindestens im Schokoladenanteil			",https://koro2.imgix.net/media/image/a3/0a/4d/FEIG_010_01.jpg?auto=compress%2Cformat&w=900&h=900
140,Feigen in Zartbitterschokolade 10 x 500 g,https://www.korodrogerie.de/feigen-in-zartbitterschokolade-10-x-500-g,"

117,50 €
",5 kg,1622                                   / 389,17 g,"9,7 g",50 g,48 g,"7,6 g","4,5 g",0 g,"59 % getrocknete Feigen, 41 % Zartbitterschokolade (Kakaomasse, Zucker, Kakaobutter, Emulgator: SOJALECITHIN; Vanillearoma)			",https://koro2.imgix.net/media/image/b6/83/e7/FEIG_011_01.jpg?auto=compress%2Cformat&w=900&h=900
141,Kokoskugeln in dunkler Schokolade 1 kg,https://www.korodrogerie.de/kokoskugeln-in-dunkler-schokolade-1-kg,"

16,00 €
",Griechenland,2134                                   / 512,32 g,24 g,48 g,35 g,"6,8 g","4,4 g","0,10 g",Kühl und trocken lagern,https://koro2.imgix.net/media/image/ee/36/e1/Kokoskugeln_01.jpg?auto=compress%2Cformat&w=900&h=900
142,Ingwer in dunkler Schokolade 1 kg,https://www.korodrogerie.de/ingwer-in-dunkler-schokolade-1-kg,"

18,00 €
",Griechenland,1478                                   / 417,19 g,12 g,56 g,42 g,"7,1 g","3,4 g","0,10 g",Kühl und trocken lagern,https://koro2.imgix.net/media/image/ed/82/17/Ingwer_in_dunkler_Schokolade_01.jpg?auto=compress%2Cformat&w=900&h=900
143,Pflaumen in dunkler Schokolade 1 kg,https://www.korodrogerie.de/pflaumen-in-dunkler-schokolade-1-kg,"

16,00 €
",Griechenland,1594                                   / 380,14 g,"9,1 g",55 g,40 g,"7,1 g","4,1 g","0,10 g",Kühl und trocken lagern,https://koro2.imgix.net/media/image/eb/5d/a8/Pflaumen_in_dunkler_Schokolade_01.jpg?auto=compress%2Cformat&w=900&h=900
144,Bio Bruchschokolade Bitter Beeren Mix  5 x 1 kg,https://www.korodrogerie.de/bio-bruchschokolade-bitter-beeren-mix-5-x-1-kg,"

66,50 €
",5 kg,2370                                   / 570,43 g,27 g,33 g,27 g,12 g,"6,9 g","0,02 g",Kühl und trocken lagern,https://koro2.imgix.net/media/image/33/e2/d2/SCHOKO_012_02.jpg?auto=compress%2Cformat&w=900&h=900
145,Bio Erbsenflips mit Meersalz 150 g,https://www.korodrogerie.de/bio-erbsenflips-mit-meersalz-150-g,"

3,00 €
",Slowenien,1664                                   / 395,"9,6 g","1,6 g",52 g,"1,1 g","8,5 g",21 g,"1,1 g","KoRo Handels GmbHKoppenplatz 9, 10115 Berlin",https://koro2.imgix.net/media/image/2e/09/37/FLIPS_001_01.jpg?auto=compress%2Cformat&w=900&h=900
146,Bio Erbsenflips mit Meersalz 15 x 150 g,https://www.korodrogerie.de/bio-erbsenflips-mit-meersalz-15-x-150-g,"

28,00 €
",Slowenien,1664                                   / 395,"9,6 g","1,6 g",52 g,"1,1 g","8,5 g",21 g,"1,1 g","KoRo Handels GmbHKoppenplatz 9, 10115 Berlin",https://koro2.imgix.net/media/image/c7/6f/98/FLIPS_002_01.jpg?auto=compress%2Cformat&w=900&h=900
147,Marcona Mandeln mit Salz 1 kg,https://www.korodrogerie.de/marcona-mandeln-mit-salz-1-kg,"

24,50 €
",Spanien,2642                                   / 639,57 g,"8,1 g","2,2 g","2,1 g","8,8 g",25 g,"1,8 g","Kühl, trocken und vor Licht geschützt lagern.	",https://koro2.imgix.net/media/image/a3/1c/3c/Marcona_Mandeln_01-1NS0FQTMZL7HYT.jpg?auto=compress%2Cformat&w=900&h=900
148,Vegane Haselnuss Crunchies in dunkler Schokolade 1 kg,https://www.korodrogerie.de/vegane-haselnuss-crunchies-in-dunkler-schokolade-1-kg,"

25,00 €
",1 kg,2267                                   / 542,43 g,16 g,36 g,"1,5 g","8,2 g","8,1 g","0,04 g",Kann Spuren von MILCH (LAKTOSE) und ERDNÜSSEN enthalten ,https://koro2.imgix.net/media/image/c8/d8/65/Vegane_Haselnuss_Crunchies_01.jpg?auto=compress%2Cformat&w=900&h=900
149,Marcona Mandeln mit Rosmarin 1 kg,https://www.korodrogerie.de/marcona-mandeln-mit-rosmarin-1-kg,"

24,00 €
",Spanien,2642                                   / 639,57 g,"8,1 g","2,2 g","2,1 g","8,8 g",25 g,"1,8 g","Kühl, trocken und vor Licht geschützt lagern.",https://koro2.imgix.net/media/image/86/e3/72/MARC_001_02.jpg?auto=compress%2Cformat&w=900&h=900
150,Marcona Mandeln mit Rosmarin 5 x 1 kg,https://www.korodrogerie.de/marcona-mandeln-mit-rosmarin-5-x-1-kg,"

114,50 €
",Spanien,2642                                   / 639,57 g,"8,1 g","2,2 g","2,1 g","8,8 g",25 g,"1,8 g","Kühl, trocken und vor Licht geschützt lagern.",https://koro2.imgix.net/media/image/9b/d3/99/MARC_002_01.jpg?auto=compress%2Cformat&w=900&h=900
151,Marcona Mandeln mit Trüffel 1 kg,https://www.korodrogerie.de/marcona-mandeln-mit-trueffel-1-kg,"

24,50 €
",Spanien,2625                                   / 636,57 g,"6,4 g","1,7 g","1,5 g",11 g,24 g,"2,4 g","Kühl, trocken und vor Licht geschützt lagern.	",https://koro2.imgix.net/media/image/01/41/5e/MARC_005_01KBUGo4LEll1H7.jpg?auto=compress%2Cformat&w=900&h=900
152,Marcona Mandeln mit Trüffel 5 x 1 kg,https://www.korodrogerie.de/marcona-mandeln-mit-trueffel-5-x-1-kg,"

117,00 €
",Spanien,2625                                   / 636,57 g,"6,4 g","1,7 g","1,5 g",11 g,24 g,"2,4 g","Kühl, trocken und vor Licht geschützt lagern.	",https://koro2.imgix.net/media/image/07/8d/87/MARC_006_01kCdFH9JsPPP0p.jpg?auto=compress%2Cformat&w=900&h=900
153,Schoko Protein Crunchies ohne Zuckerzusatz  8 x 1 kg,https://www.korodrogerie.de/schoko-protein-crunchies-ohne-zuckerzusatz-8-x-1-kg,"

155,00 €
",8 kg,1875                                   / 448,28 g,12 g,37 g,"1,4 g","8,3 g",21 g,"0,36 g","Süßungsmittel: Maltit, ERDNUSSKERNE, 20 % Proteinflakes (Erbsenprotein, Erbsenmehl, Süßungsmittel: Xylit, Kakaopulver), Kakaobutter, Kakaomasse, Emulgator: SOJALECITHINE, Aroma, natürliches Vanille-Aroma. Kann bei übermäßigem Verzehr abführend wirken.",https://koro2.imgix.net/media/image/30/78/62/PROTEIN_01001xL74SLYEqMZly.jpg?auto=compress%2Cformat&w=900&h=900
154,Hanfsamen Crunchies in veganer Schokolade 1 kg,https://www.korodrogerie.de/hanfsamen-crunchies-in-veganer-schokolade-1-kg,"

25,00 €
",1 kg,2310                                   / 552,41 g,15 g,29 g,"1,1 g","7,3 g",17 g,"0,02 g","60 % dunkle Schokolade (Kakaomasse, 43,5 % Süßungsmittel: Maltit; Kakaobutter, Emulgator: SOJALECITHIN; natürliches Vanillearoma), 40 % Hanfsamen. Kakao: 55 % mindestens im Schokoladenanteil. Kann bei übermäßigem Verzehr abführend wirken",https://koro2.imgix.net/media/image/d7/f0/d5/Hanfsamen_Crunchies_01.jpg?auto=compress%2Cformat&w=900&h=900
155,Veganer Proteinriegel Schokolade Brownie 55 g,https://www.korodrogerie.de/veganer-proteinriegel-schokolade-brownie-55-g,"

2,00 €
",55 g,1616                                   / 374,17 g,9 g,38 g,"0,7 g",13 g,24 g,"0,39 g","25 % Schokoladenkuvertüre (Kakaomasse, Süßungsmittel: Maltit; Kakaobutter, Emulgator: Lecithine; natürliches Aroma), vegane Proteinmischung (SOJAPROTEIN, Erbsenprotein, Reisprotein), Feuchthaltemittel: E 422; Verbundüberzug mit Süßungsmittel und Ballaststoffen (Süßungsmittel: Maltit; Kakaobutter, Ballaststoffe: Oligofruktose; Kakaomasse, Reismehl, Emulgator: Lecithine; natürliches Aroma), Ballaststoffe: Polydextrose; 4 % SOJAPROTEIN NUGGETS (SOJAPROTEIN ISOLAT, Kakao, Tapiokastärke), Sonnenblumenöl, fettreduziertes Kakaopulver, Aroma, Süßungsmittel: E 955.  Kann bei übermäßigem Verzehr abführend wirken",https://koro2.imgix.net/media/image/e8/72/6c/Veganer_Proteinriegel_Schokolade_Brownie_01toe8WSqryLgOx.jpg?auto=compress%2Cformat&w=900&h=900
156,Hanfsamen Crunchies in veganer Schokolade 14 x 1 kg,https://www.korodrogerie.de/hanfsamen-crunchies-in-veganer-schokolade-14-x-1-kg,"

190,50 €
",14 kg,2310                                   / 552,41 g,15 g,29 g,"1,1 g","7,3 g",17 g,"0,02 g","60 % dunkle Schokolade (Kakaomasse, 43,5 % Süßungsmittel: Maltit; Kakaobutter, Emulgator: SOJALECITHIN; natürliches Vanillearoma), 40 % Hanfsamen. Kakao: 55 % mindestens im Schokoladenanteil. Kann bei übermäßigem Verzehr abführend wirken",https://koro2.imgix.net/media/image/62/7d/6f/Hanfsamen_Crunchies_08.jpg?auto=compress%2Cformat&w=900&h=900
157,Ingwer in dunkler Schokolade  4 x 1 kg,https://www.korodrogerie.de/ingwer-in-dunkler-schokolade-4-x-1-kg,"

67,50 €
",Griechenland,1478                                   / 417,19 g,12 g,56 g,42 g,"7,1 g","3,4 g","0,1 g",Kühl und trocken lagern,https://koro2.imgix.net/media/image/45/d8/37/ING_014_01.jpg?auto=compress%2Cformat&w=900&h=900
158,Bruchschokolade Bitter Pfefferminzcrisp 1 kg,https://www.korodrogerie.de/bruchschokolade-bitter-pfefferminzcrisp-1-kg,"

8,00 €
",1 kg,2405                                   / 580,43 g,27 g,37 g,32 g,10 g,"6,1 g","0,02 g","Kakaomasse, Zucker, Kakaobutter, 5 % Pfefferminzcrisp (Zucker, 0,15 % Pfefferminzöl), Emulgator: Lecithine, 0,1 % Pfefferminzöl, Vanilleextrakt. Kakao: 70 % mindestens im Schokoladenanteil",https://koro2.imgix.net/media/image/8f/cb/d7/Pfefferminz_Crisp_02aoWHrRNBjLiyS.jpg?auto=compress%2Cformat&w=900&h=900
159,Bruchschokolade Bitter Pfefferminzcrisp 5 x 1 kg,https://www.korodrogerie.de/bruchschokolade-bitter-pfefferminzcrisp-5-x-1-kg,"

33,50 €
",5 kg,2405                                   / 580,43 g,27 g,37 g,32 g,10 g,"6,1 g","0,02 g","Kakaomasse, Zucker, Kakaobutter, 5 % Pfefferminzcrisp (Zucker, 0,15 % Pfefferminzöl), Emulgator: Lecithine, 0,1 % Pfefferminzöl, Vanilleextrakt. Kakao: 70 % mindestens im Schokoladenanteil",https://koro2.imgix.net/media/image/e5/d4/b5/Pfefferminz_Crisp_05.jpg?auto=compress%2Cformat&w=900&h=900
160,Pflaumen in dunkler Schokolade 4 x 1 kg,https://www.korodrogerie.de/pflaumen-in-dunkler-schokolade-4-x-1-kg,"

54,50 €
",Griechenland,1594                                   / 380,14 g,"9,1 g",55 g,40 g,"7,1 g","4,1 g","0,1 g",Kühl und trocken lagern,https://koro2.imgix.net/media/image/9a/b9/eb/PFLAU_004_01.jpg?auto=compress%2Cformat&w=900&h=900
161,Kokoskugeln in dunkler Schokolade 4 x 1 kg,https://www.korodrogerie.de/kokoskugeln-in-dunkler-schokolade-4-x-1-kg,"

61,50 €
",Griechenland,2134                                   / 512,32 g,24 g,48 g,35 g,"6,8 g","4,4 g","0,1 g",Kühl und trocken lagern,https://koro2.imgix.net/media/image/62/bd/aa/KOKOS_033_01.jpg?auto=compress%2Cformat&w=900&h=900
162,Bruchschokolade Bitter mit Meersalz 1 kg,https://www.korodrogerie.de/bruchschokolade-bitter-mit-meersalz-1-kg,"

9,50 €
",1 kg,2319                                   / 561,40 g,25 g,38 g,32 g,11 g,"6,6 g","0,51 g","Kakaomasse, Zucker, Kakaobutter, 0,5 % Salz, Emulgator: Lecithine, Vanilleextrakt. Kakao: 60 % mindestens im Schokoladenanteil",https://koro2.imgix.net/media/image/01/c0/ea/Bitter_Salz_Schokolade_01-1.jpg?auto=compress%2Cformat&w=900&h=900
163,Bruchschokolade Bitter mit Meersalz  5 x 1 kg,https://www.korodrogerie.de/bruchschokolade-bitter-mit-meersalz-5-x-1-kg,"

44,50 €
",5 kg,2319                                   / 561,40 g,25 g,38 g,32 g,11 g,"6,6 g","0,51 g","Kakaomasse, Zucker, Kakaobutter, 0,5 % Salz, Emulgator: Lecithine, Vanilleextrakt. Kakao: 60 % mindestens im Schokoladenanteil",https://koro2.imgix.net/media/image/53/98/b6/Bitter_Salz_Schokolade_06-1.jpg?auto=compress%2Cformat&w=900&h=900
164,Marcona Mandeln mit Salz 5 x 1 kg,https://www.korodrogerie.de/marcona-mandeln-mit-salz-5-x-1-kg,"

115,50 €
",Spanien,2642                                   / 639,57 g,"8,1 g","2,2 g","2,1 g","8,8 g",25 g,"1,8 g","Kühl, trocken und vor Licht geschützt lagern.	",https://koro2.imgix.net/media/image/c5/24/2c/Marcona_Mandeln_08-1.jpg?auto=compress%2Cformat&w=900&h=900
165,Vegane Haselnuss Crunchies in dunkler Schokolade 14 x 1 kg,https://www.korodrogerie.de/vegane-haselnuss-crunchies-in-dunkler-schokolade-14-x-1-kg,"

330,50 €
",14 kg,2267                                   / 542,43 g,16 g,36 g,"1,5 g","8,2 g","8,1 g","0,04 g",Kann Spuren von MILCH (LAKTOSE) und ERDNÜSSEN enthalten ,https://koro2.imgix.net/media/image/9e/cb/13/Vegane_Haselnuss_Crunchies_07.jpg?auto=compress%2Cformat&w=900&h=900
166,Veganer Proteinriegel Schokolade Brownie 15 x 55 g,https://www.korodrogerie.de/veganer-proteinriegel-schokolade-brownie-15-x-55-g,"

21,00 €
",825 g,1616                                   / 374,17 g,9 g,38 g,"0,7 g",13 g,24 g,"0,39 g","25 % Schokoladenkuvertüre (Kakaomasse, Süßungsmittel: Maltit; Kakaobutter, Emulgator: Lecithine; natürliches Aroma), vegane Proteinmischung (SOJAPROTEIN, Erbsenprotein, Reisprotein), Feuchthaltemittel: E 422; Verbundüberzug mit Süßungsmittel und Ballaststoffen (Süßungsmittel: Maltit; Kakaobutter, Ballaststoffe: Oligofruktose; Kakaomasse, Reismehl, Emulgator: Lecithine; natürliches Aroma), Ballaststoffe: Polydextrose; 4 % SOJAPROTEIN NUGGETS (SOJAPROTEIN ISOLAT, Kakao, Tapiokastärke), Sonnenblumenöl, fettreduziertes Kakaopulver, Aroma, Süßungsmittel: E 955.  Kann bei übermäßigem Verzehr abführend wirken",https://koro2.imgix.net/media/image/fb/ee/47/Veganer_Proteinriegel_Schokolade_Brownie_09.jpg?auto=compress%2Cformat&w=900&h=900
167,Bio Mikrowellen Popcorn süß 90 g,https://www.korodrogerie.de/bio-mikrowellen-popcorn-suess-90-g,"

1,50 €
",Polen,1851                                   / 441,18 g,"7,8 g",61 g,16 g,"5,6 g","7,0 g",0 g,"KoRo Handels GmbHKoppenplatz 9, 10115 Berlin
",https://koro2.imgix.net/media/image/01/86/dd/BIO_Mikrowellen_Popcorn_Suss_01.jpg?auto=compress%2Cformat&w=900&h=900
168,Bio Mikrowellen Popcorn süß 12 x 90 g,https://www.korodrogerie.de/bio-mikrowellen-popcorn-suess-12-x-90-g,"

11,50 €
",Polen,1851                                   / 441,18 g,"7,8 g",61 g,16 g,"5,6 g","7,0 g",0 g,"KoRo Handels GmbHKoppenplatz 9, 10115 Berlin
",https://koro2.imgix.net/media/image/1c/22/78/BIO_Mikrowellen_Popcorn_Suss_12.jpg?auto=compress%2Cformat&w=900&h=900
169,Haferkeks mit Carobpulver 170 g,https://www.korodrogerie.de/haferkeks-mit-carobpulver-170-g,"

3,00 €
",Griechenland ,2074                                   / 496,27 g,16 g,55 g,15 g,"4,1 g","6,6 g","0,29 g","Kühl, trocken und vor Licht geschützt lagern.	",https://koro2.imgix.net/media/image/a9/49/9b/Haferkeks_mit_Carobpulver_01.jpg?auto=compress%2Cformat&w=900&h=900
170,Haferkeks mit Carobpulver 12 x 170 g,https://www.korodrogerie.de/haferkeks-mit-carobpulver-12-x-170-g,"

32,00 €
",Griechenland,2074                                   / 496,27 g,16 g,55 g,15 g,"4,1 g","6,6 g","0,29 g","Kühl, trocken und vor Licht geschützt lagern.	",https://koro2.imgix.net/media/image/81/a9/93/Haferkeks_mit_Carobpulver_08.jpg?auto=compress%2Cformat&w=900&h=900
171,Mandelmus Zimt-Vanille 500g,https://www.korodrogerie.de/mandelmus-zimt-vanille-500g,"

12,00 €
",Slowenien,2540                                   / 607,53 g,"4,9 g","7,2 g","6,6 g","8,1 g",24 g,0 g,Kühl und trocken lagern.	,https://koro2.imgix.net/media/image/da/a9/4e/Mandelmus_Zimt_Vanille_01.jpg?auto=compress%2Cformat&w=900&h=900
172,Mandelmus Zimt-Vanille 12 x 500g,https://www.korodrogerie.de/mandelmus-zimt-vanille-12-x-500g,"

135,50 €
",Slowenien,2540                                   / 607,53 g,"4,9 g","7,2 g","6,6 g","8,1 g",24 g,0 g,Kühl und trocken lagern.	,https://koro2.imgix.net/media/image/c9/d3/98/Mandelmus_Zimt_Vanille_09VV2CmQbrukH7G.jpg?auto=compress%2Cformat&w=900&h=900
173,Bio Mikrowellen Popcorn salzig 90 g,https://www.korodrogerie.de/bio-mikrowellen-popcorn-salzig-90-g,"

1,50 €
",Polen,1693                                   / 404,15 g,"6,4 g",55 g,"1,2 g","6,7 g","8,4 g","4,0 g","KoRo Handels GmbHKoppenplatz 9, 10115 Berlin",https://koro2.imgix.net/media/image/4d/5f/58/Bio_Mikrowellen_Popcorn_salzig_01.jpg?auto=compress%2Cformat&w=900&h=900
174,Bio Mikrowellen Popcorn salzig 12 x 90 g,https://www.korodrogerie.de/bio-mikrowellen-popcorn-salzig-12-x-90-g,"

11,00 €
",Polen,1693                                   / 404,15 g,"6,4 g",55 g,"1,2 g","6,7 g","8,4 g","4,0 g","KoRo Handels GmbHKoppenplatz 9, 10115 Berlin",https://koro2.imgix.net/media/image/19/ee/9e/Bio_Mikrowellen_Popcorn_salzig_08.jpg?auto=compress%2Cformat&w=900&h=900
175,Geröstete Maiskörner mit Chili 1 kg,https://www.korodrogerie.de/geroestete-maiskoerner-mit-chili-1-kg,"

9,50 €
",Spanien,1890                                   / 451,17 g,"1,6 g",63 g,"1,3 g","9,7 g","6,6 g","1,7 g","Kühl, trocken und vor Licht geschützt lagern",https://koro2.imgix.net/media/image/b7/b2/a4/Gerostete_Maiskorner_mit_Chilli_1kg_01.jpg?auto=compress%2Cformat&w=900&h=900
176,Geröstete Maiskörner mit BBQ-Gewürz 1 kg,https://www.korodrogerie.de/geroestete-maiskoerner-mit-bbq-gewuerz-1-kg,"

11,00 €
",Spanien ,1873                                   / 447,17 g,"1,6 g",62 g,"1,2 g","9,5 g","6,7 g","1,7 g","Kühl, trocken und vor Licht geschützt lagern",https://koro2.imgix.net/media/image/8b/cc/66/Gerostete_Maiskorner_mit_BBQ_Gewurz_1kg_01.jpg?auto=compress%2Cformat&w=900&h=900
177,Bio Erdnussriegel mit Schokolade 50 g,https://www.korodrogerie.de/bio-erdnussriegel-mit-schokolade-50-g,"

2,00 €
",50 g,2119                                   / 509,34 g,"9,2 g",32 g,26 g,"9,1 g",15 g,"0,55 g","Kühl, trocken und vor Licht geschützt lagern.
",https://koro2.imgix.net/media/image/6b/54/42/BIO_Erdnussriegel_01-2.jpg?auto=compress%2Cformat&w=900&h=900
178,Bio Erdnussriegel mit Schokolade 12 x 50 g,https://www.korodrogerie.de/bio-erdnussriegel-mit-schokolade-12-x-50-g,"

17,00 €
",600 g,2119                                   / 509,34 g,"9,2 g",32 g,26 g,"9,1 g",15 g,"0,55 g","Kühl, trocken und vor Licht geschützt lagern.
",https://koro2.imgix.net/media/image/b9/ff/28/BIO_Erdnussriegel_06.jpg?auto=compress%2Cformat&w=900&h=900
179,Bio Haselnussriegel mit Schokolade 50 g,https://www.korodrogerie.de/bio-haselnussriegel-mit-schokolade-50-g,"

2,00 €
",50 g,2184                                   / 526,37 g,13 g,35 g,30 g,"9,5 g","8,3 g","0,04 g","Kühl, trocken und vor Licht geschützt lagern.
",https://koro2.imgix.net/media/image/1a/51/93/BIO_Haselnussriegel_01.jpg?auto=compress%2Cformat&w=900&h=900
180,Bio Haselnussriegel mit Schokolade 12 x 50 g,https://www.korodrogerie.de/bio-haselnussriegel-mit-schokolade-12-x-50-g,"

17,00 €
",600 g,2184                                   / 526,37 g,13 g,35 g,30 g,"9,5 g","8,3 g","0,04 g","Kühl, trocken und vor Licht geschützt lagern
",https://koro2.imgix.net/media/image/24/3d/e0/BIO_Haselnussriegel_05.jpg?auto=compress%2Cformat&w=900&h=900
181,Veganer Power Mix 1 kg,https://www.korodrogerie.de/veganer-power-mix-1-kg,"

19,00 €
",1 kg,2144                                   / 511,36 g,"7,2 g",27 g,15 g,10 g,21 g,"0,81 g","35 % WALNUSSKERNE BRUCH, 30 % Goji Beeren, 15 % Kakao Nibs, 12 % SOJA CRISPIES (70 % SOJAPROTEIN, Reisgrieß, 10 % SOJAMEHL, Salz), 8 % Hanfsamen.",https://koro2.imgix.net/media/image/be/2b/61/Veganer_Power_Mix_01AG5kCcVDgFzmP.jpg?auto=compress%2Cformat&w=900&h=900
182,Snack Erbsen Salz & Pfeffer 1 kg,https://www.korodrogerie.de/snack-erbsen-salz-pfeffer-1-kg,"

11,50 €
",1 kg,1695                                   / 405,10 g,"1,0 g",60 g,"7,5 g","8,6 g",14 g,"1,4 g","62 % grüne Erbsen, modifizierte Maisstärke, MEHL (WEIZEN, Reis), Sonnenblumenöl, Zucker, 1 % Meersalz, 0,2 % schwarzer Pfeffer, Backtriebmittel: E503; Aroma, Dextrose, 0,1 % weißer Pfeffer, schwarzer Pfefferextrakt, 0,03 % Jalapeno-Pfeffer, Antiklumpmittel: E551, E341. ",https://koro2.imgix.net/media/image/bd/bc/1b/Snack-Erbsen_Salz-Pfeffer-_01-1.jpg?auto=compress%2Cformat&w=900&h=900
183,Snack Erbsen Ungarische Paprika  6 x 1 kg,https://www.korodrogerie.de/snack-erbsen-ungarische-paprika-6-x-1-kg,"

64,00 €
",6 kg,1702                                   / 406,10 g,"1,0 g",60 g,"7,9 g","8,7 g",14 g,"1,0 g","62 % grüne Erbsen, modifizierte Maisstärke, WEIZENMEHL, Sonnenblumenöl, Zucker, Salz, Dextrose, natürliches Aroma, 0,2 % Paprika, Zwiebelpulver, Backtriebmittel: E503; Paprikapulver, Antiklumpmittel: E341, E551; Gewürzextrakt: Paprika; Rauchsalz, Knoblauchpulver, Lebensmittelsäure: Zitronensäure.
",https://koro2.imgix.net/media/image/b8/32/7d/Snack-Erbsen_Ungarische_Paprika_1kg_06.jpg?auto=compress%2Cformat&w=900&h=900
184,Snack Erbsen Ungarische Paprika 1 kg,https://www.korodrogerie.de/snack-erbsen-ungarische-paprika-1-kg,"

11,50 €
",1 kg,1702                                   / 406,10 g,"1,0 g",60 g,"7,9 g","8,7 g",14 g,"1,0 g","62 % grüne Erbsen, modifizierte Maisstärke, WEIZENMEHL, Sonnenblumenöl, Zucker, Salz, Dextrose, natürliches Aroma, 0,2 % Paprika, Zwiebelpulver, Backtriebmittel: E503; Paprikapulver, Antiklumpmittel: E341, E551; Gewürzextrakt: Paprika; Rauchsalz, Knoblauchpulver, Lebensmittelsäure: Zitronensäure. ",https://koro2.imgix.net/media/image/0a/07/1d/Snack-Erbsen_Ungarische_Paprika_1kg_01.jpg?auto=compress%2Cformat&w=900&h=900
185,Snack Erbsen Salz & Pfeffer 6 x 1 kg,https://www.korodrogerie.de/snack-erbsen-salz-pfeffer-6-x-1-kg,"

64,00 €
",6 kg,1695                                   / 405,10 g,"1,0 g",60 g,"7,5 g","8,6 g",14 g,"1,4 g","62 % grüne Erbsen, modifizierte Maisstärke, MEHL (WEIZEN, Reis), Sonnenblumenöl, Zucker, 1 % Meersalz, 0,2 % schwarzer Pfeffer, Backtriebmittel: E503; Aroma, Dextrose, 0,1% weißer Pfeffer, schwarzer Pfefferextrakt, 0,03 % Jalapeno-Pfeffer, Antiklumpmittel: E551, E341. ",https://koro2.imgix.net/media/image/ac/d6/0b/Snack-Erbsen_Salz-Pfeffer-_05-1.jpg?auto=compress%2Cformat&w=900&h=900
186,Bio Cookie Beere 50 g,https://www.korodrogerie.de/bio-cookie-beere-50-g,"

2,00 €
",50 g,1993                                   / 478,27 g,17 g,46 g,23 g,"7,1 g","9,4 g","0,13 g",Kühl und trocken lagern,https://koro2.imgix.net/media/image/c5/78/bd/BIO_Cookie_Cashew_Cranberry_01.jpg?auto=compress%2Cformat&w=900&h=900
187,Bio Cookie Beere 12 x 50 g,https://www.korodrogerie.de/bio-cookie-beere-12-x-50-g,"

17,50 €
",600 g,1993                                   / 478,27 g,17 g,46 g,23 g,"7,1 g","9,4 g","0,13 g",Kühl und trocken lagern,https://koro2.imgix.net/media/image/12/50/09/BIO_Cookie_Cashew_Cranberry_07.jpg?auto=compress%2Cformat&w=900&h=900
188,Gefriergetrocknete Drachenfrucht 500 g,https://www.korodrogerie.de/gefriergetrocknete-drachenfrucht-500-g,"

35,00 €
",0.5 kg,1263                                   / 298,0 g,0 g,67 g,67 g,"5,0 g","3,8 g",0 g,100 % Drachenfrucht,https://koro2.imgix.net/media/image/13/e2/35/Drachenfruchtstucke_01.jpg?auto=compress%2Cformat&w=900&h=900
189,Bio Flapjack Erdnuss Schokolade 60 g,https://www.korodrogerie.de/bio-flapjack-erdnuss-schokolade-60-g,"

2,00 €
",60 g,1898                                   / 454,23 g,"5,8 g",47 g,29 g,"6,1 g",11 g,"0,42 g","Kühl, trocken und vor Licht geschützt lagern",https://koro2.imgix.net/media/image/78/6b/12/Flapjack_Erdnuss_Schokolade_01.jpg?auto=compress%2Cformat&w=900&h=900
190,Bio Flapjack Erdnuss Schokolade 15 x 60 g,https://www.korodrogerie.de/bio-flapjack-erdnuss-schokolade-15-x-60-g,"

21,00 €
",900 g,1898                                   / 454,23 g,"5,8 g",47 g,29 g,"6,1 g",11 g,"0,42 g","Kühl, trocken und vor Licht geschützt lagern",https://koro2.imgix.net/media/image/fe/58/85/Flapjack_Erdnuss_Schokolade_06.jpg?auto=compress%2Cformat&w=900&h=900
191,Bio Spinat Pirat 45 g,https://www.korodrogerie.de/bio-spinat-pirat-45-g,"

2,00 €
",45 g,1990                                   / 474,30 g,"6,3 g",37 g,36 g,"5,5 g",13 g,"0,1 g","Kühl, trocken und vor Licht geschützt lagern",https://koro2.imgix.net/media/image/90/6a/c9/BIO_Spinat_Pirat_01.jpg?auto=compress%2Cformat&w=900&h=900
192,Bio Spinat Pirat 20 x 45 g,https://www.korodrogerie.de/bio-spinat-pirat-20-x-45-g,"

30,00 €
",900 g,1990                                   / 474,30 g,"6,3 g",37 g,36 g,"5,5 g",13 g,"0,1 g","Kühl, trocken und vor Licht geschützt lagern",https://koro2.imgix.net/media/image/0e/c8/75/BIO_Spinat_Pirat_05.jpg?auto=compress%2Cformat&w=900&h=900
193,Bio Rote Bete Fete 45 g,https://www.korodrogerie.de/bio-rote-bete-fete-45-g,"

2,00 €
",45 g,1530                                   / 366,13 g,"3,6 g",48 g,44 g,"9,1 g",10 g,"0,5 g","Kühl, trocken und vor Licht geschützt lagern",https://koro2.imgix.net/media/image/11/70/6d/BIO_rote_BETE_FETE_01.jpg?auto=compress%2Cformat&w=900&h=900
194,Bio Einkorn Sticks 8 x 200 g,https://www.korodrogerie.de/bio-einkorn-sticks-8-x-200-g,"

20,50 €
",Bulgarien,1674                                   / 397,"6,9 g",5 g,67 g,6 g,7 g,13 g,"0,8 g","KoRo Handels GmbHKoppenplatz 9, 10115 Berlin",https://koro2.imgix.net/media/image/73/26/8a/EINKORN_002_01.jpg?auto=compress%2Cformat&w=900&h=900
195,Bio Rote Bete Fete 20 x 45 g,https://www.korodrogerie.de/bio-rote-bete-fete-20-x-45-g,"

29,00 €
",900 g,1530                                   / 366,13 g,"3,6 g",48 g,44 g,"9,1 g",10 g,"0,5 g","Kühl, trocken und vor Licht geschützt lagern",https://koro2.imgix.net/media/image/5f/63/cc/BIO_rote_BETE_FETE_06.jpg?auto=compress%2Cformat&w=900&h=900
196,Bio Cookie Walnuss 50 g,https://www.korodrogerie.de/bio-cookie-walnuss-50-g,"

2,00 €
",50 g,2032                                   / 488,29 g,15 g,41 g,18 g,"9,7 g",11 g,"0,08 g",Kühl und trocken lagern.,https://koro2.imgix.net/media/image/89/2b/08/BIO_Cookie_Walnut_Cacao_Nibs_01.jpg?auto=compress%2Cformat&w=900&h=900
197,Bio Cookie Walnuss 12 x 50 g,https://www.korodrogerie.de/bio-cookie-walnuss-12-x-50-g,"

15,00 €
",600 g,2032                                   / 488,29 g,15 g,41 g,18 g,"9,7 g",11 g,"0,08 g",Kühl und trocken lagern.,https://koro2.imgix.net/media/image/02/f7/26/BIO_Cookie_Walnut_Cacao_Nibs_08.jpg?auto=compress%2Cformat&w=900&h=900
198,Bio Energy Ball Matcha 2 x 17 g,https://www.korodrogerie.de/bio-energy-ball-matcha-2-x-17-g,"

2,00 €
",34 g,1580                                   / 377,15 g,6 g,54 g,48 g,6 g,8 g,0 g,Kühl und trocken lagern,https://koro2.imgix.net/media/image/a4/a2/50/BLISS_031-Lagerbild.jpg?auto=compress%2Cformat&w=900&h=900
199,Bio Energy Ball Matcha 18 x 2 x 17 g,https://www.korodrogerie.de/bio-energy-ball-matcha-18-x-2-x-17-g,"

23,50 €
",612 g,1580                                   / 377,15 g,6 g,54 g,48 g,6 g,8 g,0 g,Kühl und trocken lagern,https://koro2.imgix.net/media/image/5a/85/4c/BLISS_032-Lagerbild.jpg?auto=compress%2Cformat&w=900&h=900
200,Bio Energy Ball Himbeere & Chia 2 x 17 g,https://www.korodrogerie.de/bio-energy-ball-himbeere-chia-2-x-17-g,"

2,00 €
",34 g,1540                                   / 367,14 g,"2,0 g",51 g,47 g,"8,0 g","9,0 g",0 g,Kühl und trocken lagern,https://koro2.imgix.net/media/image/a9/98/07/BIO_Energy_Ball_Himbeere_Chia_01.jpg?auto=compress%2Cformat&w=900&h=900
201,Bio Energy Ball Apfel-Zimt 2 x 17 g,https://www.korodrogerie.de/bio-energy-ball-apfel-zimt-2-x-17-g,"

1,50 €
",34 g,1370                                   / 324,"7,0 g","1,0 g",60 g,50 g,"6,0 g","6,0 g",0 g,Kühl und trocken lagern,https://koro2.imgix.net/media/image/01/93/38/BLISS_023.png?auto=compress%2Cformat&w=900&h=900
202,Bio Energy Ball Apfel-Zimt 18 x 2 x 17 g,https://www.korodrogerie.de/bio-energy-ball-apfel-zimt-18-x-2-x-17-g,"

19,00 €
",612 g,1370                                   / 324,"7,0 g","1,0 g",60 g,50 g,"6,0 g","6,0 g",0 g,Kühl und trocken lagern,https://koro2.imgix.net/media/image/b0/04/a4/BLISS_023-Lagerbild.jpg?auto=compress%2Cformat&w=900&h=900
203,Bio Energy Ball Erdbeere & Chia 2 x 17 g,https://www.korodrogerie.de/bio-energy-ball-erdbeere-chia-2-x-17-g,"

1,50 €
",34 g,1450                                   / 344,"9,0 g","2,0 g",58 g,42 g,"7,0 g","8,0 g",0 g,Kühl und trocken lagern,https://koro2.imgix.net/media/image/81/c9/5f/BLISS_027-Lagerbild.jpg?auto=compress%2Cformat&w=900&h=900
204,Bio Energy Ball Himbeere & Chia 18 x 2 x 17 g,https://www.korodrogerie.de/bio-energy-ball-himbeere-chia-18-x-2-x-17-g,"

19,50 €
",612 g,1540                                   / 367,14 g,"2,0 g",51 g,47 g,"8,0 g","9,0 g",0 g,Kühl und trocken lagern,https://koro2.imgix.net/media/image/06/95/06/BIO_Energy_Ball_Himbeere_Chia_10.jpg?auto=compress%2Cformat&w=900&h=900
205,Bio weiße Drops mit Kokosblütenzucker 1 kg,https://www.korodrogerie.de/bio-weisse-drops-mit-kokosbluetenzucker-1-kg,"

20,50 €
",Bulgarien,2480                                   / 599,47 g,30 g,41 g,41 g,"3,2 g","6,4 g","0,11 g","KoRo Handels GmbHKoppenplatz 9, 10115 Berlin
",https://koro2.imgix.net/media/image/7c/57/85/BIO_Weisse_Drops_mit_Kokosblutenzucker_01.jpg?auto=compress%2Cformat&w=900&h=900
206,Bio weiße Drops mit Kokosblütenzucker 6 x 1 kg,https://www.korodrogerie.de/bio-weisse-drops-mit-kokosbluetenzucker-6-x-1-kg,"

115,50 €
",Bulgarien,2480                                   / 599,47 g,30 g,41 g,41 g,"3,2 g","6,4 g","0,11 g","KoRo Handels GmbHKoppenplatz 9, 10115 Berlin
",https://koro2.imgix.net/media/image/da/92/e8/BIO_Weisse_Drops_mit_Kokosblutenzucker_07.jpg?auto=compress%2Cformat&w=900&h=900
207,Bio Cracker Rosmarin 500 g,https://www.korodrogerie.de/bio-cracker-rosmarin-500-g,"

4,00 €
",Italien,1830                                   / 435,13 g,"1,1 g",67 g,"2,3 g","2,9 g",10 g,"2,9 g","KoRo Handels GmbHKoppenplatz 9, 10115 Berlin",https://koro2.imgix.net/media/image/d3/2d/bc/BIO_Cracker_Rosmarin_01.jpg?auto=compress%2Cformat&w=900&h=900
208,Bio Cracker Rosmarin 6 x 500 g,https://www.korodrogerie.de/bio-cracker-rosmarin-6-x-500-g,"

20,00 €
",Italien,1830                                   / 435,13 g,"1,1 g",67 g,"2,3 g","2,9 g",10 g,"2,9 g","KoRo Handels GmbHKoppenplatz 9, 10115 Berlin",https://koro2.imgix.net/media/image/9a/b6/47/BIO_Cracker_Rosmarin_08.jpg?auto=compress%2Cformat&w=900&h=900
209,Bio Cracker Olive 500 g,https://www.korodrogerie.de/bio-cracker-olive-500-g,"

7,00 €
",Italien,1830                                   / 435,13 g,"1,1 g",67 g,"2,3 g","2,9 g",10 g,"2,9 g","KoRo Handels GmbHKoppenplatz 9, 10115 Berlin",https://koro2.imgix.net/media/image/87/de/14/CRACKER_026-Lagerbild.jpg?auto=compress%2Cformat&w=900&h=900
210,Bio Cracker Olive 6 x 500 g,https://www.korodrogerie.de/bio-cracker-olive-6-x-500-g,"

40,50 €
",Italien,1830                                   / 435,13 g,"1,1 g",67 g,"2,3 g","2,9 g",10 g,0 g,"KoRo Handels GmbHKoppenplatz 9, 10115 Berlin",https://koro2.imgix.net/media/image/87/de/14/CRACKER_026-Lagerbild.jpg?auto=compress%2Cformat&w=900&h=900
211,Bio dunkel geröstete Kokoschips mit Kakao 1 kg,https://www.korodrogerie.de/bio-dunkel-geroestete-kokoschips-mit-kakao-1-kg,"

19,50 €
",Sri Lanka,2548                                   / 609,45 g,42 g,44 g,31 g,15 g,"5,9 g","0,54 g","KoRo Handels GmbHKoppenplatz 9, 10115 Berlin",https://koro2.imgix.net/media/image/fb/4b/df/BIO_dunkel_gerostete_Kokoschips_01.jpg?auto=compress%2Cformat&w=900&h=900
212,Bio Kokoschips ohne Zuckerzusatz 1 kg,https://www.korodrogerie.de/bio-kokoschips-ohne-zuckerzusatz-1-kg,"

9,00 €
",Sri Lanka,3096                                   / 740,68 g,65 g,9 g,7 g,13 g,6 g,0 g,"KoRo Handels GmbHKoppenplatz 9, 10115 Berlin",https://koro2.imgix.net/media/image/06/02/2b/KOKOS_039_01.jpg?auto=compress%2Cformat&w=900&h=900
213,Bio Kokoschips mit Kokosblütenzucker 1 kg,https://www.korodrogerie.de/bio-kokoschips-mit-kokosbluetenzucker-1-kg,"

22,00 €
",Sri Lanka,2629                                   / 628,44 g,42 g,34 g,34 g,13 g,"5,3 g","0,48 g","KoRo Handels GmbHKoppenplatz 9, 10115 Berlin",https://koro2.imgix.net/media/image/dd/40/45/BIO_Kokoschips_01.jpg?auto=compress%2Cformat&w=900&h=900
214,Bio vegane Bruchschokolade Helle Haselnusskrokant 1 kg,https://www.korodrogerie.de/bio-vegane-bruchschokolade-helle-haselnusskrokant-1-kg,"

17,00 €
",Deutschland,2350                                   / 564,35 g,20 g,58 g,47 g,"3,1 g","2,4 g",0 g,"KoRo Handels GmbHKoppenplatz 9, 10115 Berlin",https://koro2.imgix.net/media/image/c5/da/70/Bio-vegane_Bruchschokolade_Helle_Haselnusskrokant_01.jpg?auto=compress%2Cformat&w=900&h=900
215,Bio vegane Bruchschokolade Helle Haselnusskrokant 5 x 1 kg,https://www.korodrogerie.de/bio-vegane-bruchschokolade-helle-haselnusskrokant-5-x-1-kg,"

81,00 €
",Deutschland,2350                                   / 564,35 g,20 g,58 g,47 g,"3,1 g","2,4 g",0 g,"KoRo Handels GmbHKoppenplatz 9, 10115 Berlin",https://koro2.imgix.net/media/image/cc/07/22/Bio-vegane_Bruchschokolade_Helle_Haselnusskrokant_04.jpg?auto=compress%2Cformat&w=900&h=900
216,Bio gepuffte Ananasstücke 500 g,https://www.korodrogerie.de/bio-gepuffte-ananasstuecke-500-g,"

18,50 €
",Polen,1612                                   / 380,0 g,0 g,87 g,85 g,"7,9 g","3,0 g",0 g,"KoRo Handels GmbHKoppenplatz 9, 10115 Berlin",https://koro2.imgix.net/media/image/b8/cc/8c/BIO_gepuffte_Ananasstucke_01.jpg?auto=compress%2Cformat&w=900&h=900
217,Bio gepuffte schwarze Johannisbeeren 500 g,https://www.korodrogerie.de/bio-gepuffte-schwarze-johannisbeeren-500-g,"

24,00 €
",Polen,1336                                   / 319,"2,3 g","0,4 g",54 g,44 g,31 g,"5,0 g","0,02 g","KoRo Handels GmbHKoppenplatz 9, 10115 Berlin",https://koro2.imgix.net/media/image/47/fa/41/BIO_gepuffte_schwarze_Johannisbeere_01.jpg?auto=compress%2Cformat&w=900&h=900
218,Bio gepuffte Kirsche 500 g,https://www.korodrogerie.de/bio-gepuffte-kirsche-500-g,"

20,00 €
",Polen,1472                                   / 348,"0,5 g","0,2 g",75 g,41 g,"9,5 g","6,0 g","0,02 g","KoRo Handels GmbHKoppenplatz 9, 10115 Berlin",https://koro2.imgix.net/media/image/38/f1/16/PUFF_011_01.jpg?auto=compress%2Cformat&w=900&h=900
219,Bio Cracker Pizza 500 g,https://www.korodrogerie.de/bio-cracker-pizza-500-g,"

5,00 €
",Italien,1830                                    / 435,13 g,"1,1 g",67 g,"2,3 g","2,9 g",10 g,"2,9 g","KoRo Handels GmbHKoppenplatz 9, 10115 Berlin",https://koro2.imgix.net/media/image/7e/83/e0/CRACKER_028-Lagerbild.jpg?auto=compress%2Cformat&w=900&h=900
220,Bio Cracker Pizza 6 x 500 g,https://www.korodrogerie.de/bio-cracker-pizza-6-x-500-g,"

27,50 €
",Italien,1830                                   / 435,13 g,"1,1 g",67 g,"2,3 g","2,9 g",10 g,"2,9 g","KoRo Handels GmbHKoppenplatz 9, 10115 Berlin",https://koro2.imgix.net/media/image/7e/83/e0/CRACKER_028-Lagerbild.jpg?auto=compress%2Cformat&w=900&h=900
